domain,email,source_url,source_type,source_kind,found_in,crawl_depth,confidence_score,confidence_label,reason_flags,sighting_count,verification_status,deliverability_confidence,resolved_company_domain,identity_confidence,delivery_state,confidence_band,finding_type
agent.store,,,,,,,0,reject,no_emails_found,0,unknown,0,agent.store,0,unknown,tier_d,
app.sprig.com,,,,,,,0,reject,no_emails_found,0,unknown,0,app.sprig.com,0,unknown,tier_d,
valerianotion.gumroad.com,,,,,,,0,reject,no_emails_found,0,unknown,0,valerianotion.gumroad.com,0,unknown,tier_d,
ai-easy-content.xyz,,,,,,,0,reject,no_emails_found,0,unknown,0,ai-easy-content.xyz,0,unknown,tier_d,
website.ddevi.com,,,,,,,0,reject,no_emails_found,0,unknown,0,website.ddevi.com,0,unknown,tier_d,
aiforme.wiki,,,,,,,0,reject,no_emails_found,0,unknown,0,aiforme.wiki,0,unknown,tier_d,
aiqrart.co,,,,,,,0,reject,no_emails_found,0,unknown,0,aiqrart.co,0,unknown,tier_d,
airplane.dev,,,,,,,0,reject,no_emails_found,0,unknown,0,airplane.dev,0,unknown,tier_d,
newmode.ai,contact@newmode.ai,https://newmode.ai,httpx,site_page,mailto,0,100,high,site_source|useful_mailbox|domain_match_exact|sightings_15|verified|band:tier_a,15,verified,90,newmode.ai,90,valid,tier_a,observed
newmode.ai,hello@newmode.ai,https://newmode.ai/privacy,httpx,site_page,html,1,100,high,site_source|useful_mailbox|domain_match_exact|sightings_2|verified|band:tier_a,2,verified,90,newmode.ai,90,valid,tier_a,observed
onclarity.com,legal@onclarity.com,https://www.onclarity.com/legal-pages/legal-center,httpx,site_page,html,1,100,high,site_source|untyped_mailbox|domain_match_exact|sightings_5|verified|band:tier_a,5,verified,90,onclarity.com,90,valid,tier_a,observed
onclarity.com,sam@openai.com,https://www.onclarity.com/voice-of-customer,httpx,site_page,html,1,82,high,site_source|untyped_mailbox|domain_mismatch|sightings_1|verified|band:tier_b,1,verified,90,onclarity.com,40,valid,tier_b,observed
artvisioai.com,,,,,,,0,reject,no_emails_found,0,unknown,0,artvisioai.com,0,unknown,tier_d,
arvin.chat,contact@arvin.chat,https://arvin.chat/terms-of-service,httpx,site_page,microdata,1,100,high,site_source|useful_mailbox|domain_match_exact|sightings_1|verified|band:tier_a,1,verified,90,arvin.chat,90,valid,tier_a,observed
arvin.chat,support-pe@idealabs.mobi,https://arvin.chat/about,httpx,site_page,mailto,1,92,high,site_source|useful_mailbox|domain_mismatch|sightings_1|verified|band:tier_b,1,verified,90,arvin.chat,40,valid,tier_b,observed
atom.com,,,,,,,0,reject,no_emails_found,0,unknown,0,atom.com,0,unknown,tier_d,
batteryboi.ovatar.io,,,,,,,0,reject,no_emails_found,0,unknown,0,batteryboi.ovatar.io,0,unknown,tier_d,
hugedomains.com,,,,,,,0,reject,no_emails_found,0,unknown,0,hugedomains.com,0,unknown,tier_d,
blitz-rn.com,,,,,,,0,reject,no_emails_found,0,unknown,0,blitz-rn.com,0,unknown,tier_d,
philipithomas.com,mail@philipithomas.com,https://www.philipithomas.com/privacy,httpx,site_page,mailto,1,100,high,site_source|untyped_mailbox|domain_match_exact|sightings_1|verified|band:tier_a,1,verified,90,philipithomas.com,90,valid,tier_a,observed
philipithomas.com,interesting@philipithomas.com,https://www.philipithomas.com/workshop,httpx,site_page,html,1,100,high,site_source|untyped_mailbox|domain_match_exact|sightings_1|verified|band:tier_a,1,verified,90,philipithomas.com,90,valid,tier_a,observed
buildshare.io,,,,,,,0,reject,no_emails_found,0,unknown,0,buildshare.io,0,unknown,tier_d,
cannoli.app,,,,,,,0,reject,no_emails_found,0,unknown,0,cannoli.app,0,unknown,tier_d,
moon0nnotion.gumroad.com,,,,,,,0,reject,no_emails_found,0,unknown,0,moon0nnotion.gumroad.com,0,unknown,tier_d,
insights.miro.com,hello@cardinalapp.io,https://insights.miro.com/,httpx,site_page,mailto,0,96,high,site_source|useful_mailbox|domain_mismatch|sightings_2|verified|band:tier_a,2,verified,90,insights.miro.com,40,valid,tier_a,observed
insights.miro.com,hello@insights.miro.com,https://insights.miro.com/,inferred,pattern_inferred,role_probe,0,46,low,inferred_candidate|useful_mailbox|domain_match_exact|sightings_1|risky|delivery_unknown|band:tier_c,1,risky,45,insights.miro.com,90,unknown,tier_c,inferred
openai.com,,,,,,,0,reject,no_emails_found,0,unknown,0,openai.com,0,unknown,tier_d,
classyfont.com,,,,,,,0,reject,no_emails_found,0,unknown,0,classyfont.com,0,unknown,tier_d,
clone-ui.design,,,,,,,0,reject,no_emails_found,0,unknown,0,clone-ui.design,0,unknown,tier_d,
codewiz.app,,,,,,,0,reject,no_emails_found,0,unknown,0,codewiz.app,0,unknown,tier_d,
codingdrills.com,,,,,,,0,reject,no_emails_found,0,unknown,0,codingdrills.com,0,unknown,tier_d,
coinfeeds.ai,,,,,,,0,reject,no_emails_found,0,unknown,0,coinfeeds.ai,0,unknown,tier_d,
config.tips,,,,,,,0,reject,no_emails_found,0,unknown,0,config.tips,0,unknown,tier_d,
culrs.com,,,,,,,0,reject,no_emails_found,0,unknown,0,culrs.com,0,unknown,tier_d,
dailydomains.io,,,,,,,0,reject,no_emails_found,0,unknown,0,dailydomains.io,0,unknown,tier_d,
thedeepen.app,,,,,,,0,reject,no_emails_found,0,unknown,0,thedeepen.app,0,unknown,tier_d,
doodlocracy.com,,,,,,,0,reject,no_emails_found,0,unknown,0,doodlocracy.com,0,unknown,tier_d,
dotcal.co,,,,,,,0,reject,no_emails_found,0,unknown,0,dotcal.co,0,unknown,tier_d,
drlambda.ai,,,,,,,0,reject,no_emails_found,0,unknown,0,drlambda.ai,0,unknown,tier_d,
draftsparks.com,,,,,,,0,reject,no_emails_found,0,unknown,0,draftsparks.com,0,unknown,tier_d,
producthunt.com,,,,,,,0,reject,no_emails_found,0,unknown,0,producthunt.com,0,unknown,tier_d,
embeddable.com,,,,,,,0,reject,no_emails_found,0,unknown,0,embeddable.com,0,unknown,tier_d,
emojicombiner.com,,,,,,,0,reject,no_emails_found,0,unknown,0,emojicombiner.com,0,unknown,tier_d,
essay.admitschool.com,,,,,,,0,reject,no_emails_found,0,unknown,0,essay.admitschool.com,0,unknown,tier_d,
fastfacts7.com,,,,,,,0,reject,no_emails_found,0,unknown,0,fastfacts7.com,0,unknown,tier_d,
fedica.com,,,,,,,0,reject,no_emails_found,0,unknown,0,fedica.com,0,unknown,tier_d,
moka.care,media@moka.care,https://www.moka.care/nous-connaitre,httpx,site_page,html,1,100,high,site_source|untyped_mailbox|domain_match_exact|sightings_1|verified|band:tier_a,1,verified,90,moka.care,90,valid,tier_a,observed
moka.care,hello@moka.care,https://www.moka.care/,inferred,pattern_inferred,role_probe,0,77,high,inferred_candidate|useful_mailbox|domain_match_exact|sightings_1|verified|band:tier_c,1,verified,90,moka.care,90,valid,tier_c,inferred
findcool.tools,,,,,,,0,reject,no_emails_found,0,unknown,0,findcool.tools,0,unknown,tier_d,
findmycat.io,,,,,,,0,reject,no_emails_found,0,unknown,0,findmycat.io,0,unknown,tier_d,
flowcanvas.io,,,,,,,0,reject,no_emails_found,0,unknown,0,flowcanvas.io,0,unknown,tier_d,
fontima.com,,,,,,,0,reject,no_emails_found,0,unknown,0,fontima.com,0,unknown,tier_d,
allprompts.com,,,,,,,0,reject,no_emails_found,0,unknown,0,allprompts.com,0,unknown,tier_d,
freelogo.dev,,,,,,,0,reject,no_emails_found,0,unknown,0,freelogo.dev,0,unknown,tier_d,
freshremote.work,,,,,,,0,reject,no_emails_found,0,unknown,0,freshremote.work,0,unknown,tier_d,
frienzy.com,,,,,,,0,reject,no_emails_found,0,unknown,0,frienzy.com,0,unknown,tier_d,
frontyssey.com,,,,,,,0,reject,no_emails_found,0,unknown,0,frontyssey.com,0,unknown,tier_d,
funcannyai.com,,,,,,,0,reject,no_emails_found,0,unknown,0,funcannyai.com,0,unknown,tier_d,
ishi.so,enterprise@ishi.so,https://ishi.so/enterprise,httpx,site_page,mailto,1,100,high,site_source|untyped_mailbox|domain_match_exact|sightings_1|verified|band:tier_a,1,verified,90,ishi.so,90,valid,tier_a,observed
ishi.so,partners@ishi.so,https://ishi.so/partner,httpx,site_page,mailto,1,100,high,site_source|untyped_mailbox|domain_match_exact|sightings_1|verified|band:tier_a,1,verified,90,ishi.so,90,valid,tier_a,observed
genieeai.com,,,,,,,0,reject,no_emails_found,0,unknown,0,genieeai.com,0,unknown,tier_d,
cloud.google.com,marketing-studio-cloud-regional-pmms@google.com,https://cloud.google.com/,httpx,site_page,html,0,100,high,site_source|untyped_mailbox|domain_match_related|sightings_13|verified|band:tier_a,13,verified,90,cloud.google.com,75,valid,tier_a,observed
cloud.google.com,marketing-studio-partners-regional-pmms@google.com,https://cloud.google.com/,httpx,site_page,html,0,100,high,site_source|untyped_mailbox|domain_match_related|sightings_13|verified|band:tier_a,13,verified,90,cloud.google.com,75,valid,tier_a,observed
islaregalos.com,islaregalos01@gmail.com,https://islaregalos.com/en/privacy,httpx,site_page,cf_obfuscated,1,90,high,site_source|untyped_mailbox|domain_mismatch|sightings_3|verified|band:tier_b,3,verified,90,islaregalos.com,40,valid,tier_b,observed
islaregalos.com,hello@islaregalos.com,https://islaregalos.com/en,inferred,pattern_inferred,role_probe,0,46,low,inferred_candidate|useful_mailbox|domain_match_exact|sightings_1|risky|delivery_unknown|band:tier_c,1,risky,45,islaregalos.com,90,unknown,tier_c,inferred
livepolls.app,,,,,,,0,reject,no_emails_found,0,unknown,0,livepolls.app,0,unknown,tier_d,
gptbots.ai,support@gptbots.ai,https://www.gptbots.ai/,httpx,site_page,html,0,100,high,site_source|useful_mailbox|domain_match_exact|sightings_20|verified|band:tier_a,20,verified,90,gptbots.ai,90,valid,tier_a,observed
gptbots.ai,sales@gptbots.ai,https://www.gptbots.ai/company/about-us,httpx,site_page,html,1,100,high,site_source|useful_mailbox|domain_match_exact|sightings_1|verified|band:tier_a,1,verified,90,gptbots.ai,90,valid,tier_a,observed
graphite.com,billing@graphite.com,https://graphite.com/contact-us,httpx,site_page,mailto,1,100,high,site_source|contact_page|untyped_mailbox|domain_match_exact|sightings_1|verified|band:tier_a,1,verified,90,graphite.com,90,valid,tier_a,observed
graphite.com,security@graphite.com,https://graphite.com/contact-us,httpx,site_page,mailto,1,100,high,site_source|contact_page|untyped_mailbox|domain_match_exact|sightings_2|verified|band:tier_a,2,verified,90,graphite.com,90,valid,tier_a,observed
telegram.org,abuse@telegram.org,https://telegram.org/faq,httpx,site_page,mailto,1,100,high,site_source|untyped_mailbox|domain_match_exact|sightings_2|verified|band:tier_a,2,verified,90,telegram.org,90,valid,tier_a,observed
telegram.org,dmca@telegram.org,https://telegram.org/faq,httpx,site_page,mailto,1,100,high,site_source|untyped_mailbox|domain_match_exact|sightings_1|verified|band:tier_a,1,verified,90,telegram.org,90,valid,tier_a,observed
heyscribe.com,,,,,,,0,reject,no_emails_found,0,unknown,0,heyscribe.com,0,unknown,tier_d,
hoppscotch.io,,,,,,,0,reject,no_emails_found,0,unknown,0,hoppscotch.io,0,unknown,tier_d,
indexguru.com,team@indexguru.com,https://indexguru.com/privacy,httpx,site_page,html,1,100,high,site_source|useful_mailbox|domain_match_exact|sightings_1|verified|band:tier_a,1,verified,90,indexguru.com,90,valid,tier_a,observed
indexguru.com,hello@indexguru.com,https://indexguru.com/,inferred,pattern_inferred,role_probe,0,77,high,inferred_candidate|useful_mailbox|domain_match_exact|sightings_1|verified|band:tier_c,1,verified,90,indexguru.com,90,valid,tier_c,inferred
ingredients.tech,,,,,,,0,reject,no_emails_found,0,unknown,0,ingredients.tech,0,unknown,tier_d,
futureleomusic.com,warunggol.ini@futureleomusic.com,https://www.futureleomusic.com/,inferred,pattern_inferred,pattern_first_dot_last,0,36,low,inferred_candidate|untyped_mailbox|domain_match_exact|sightings_1|risky|delivery_unknown|band:tier_d,1,risky,45,futureleomusic.com,90,unknown,tier_d,inferred
futureleomusic.com,warunggolini@futureleomusic.com,https://www.futureleomusic.com/,inferred,pattern_inferred,pattern_concat,0,36,low,inferred_candidate|untyped_mailbox|domain_match_exact|sightings_1|risky|delivery_unknown|band:tier_d,1,risky,45,futureleomusic.com,90,unknown,tier_d,inferred
ipsync.link,,,,,,,0,reject,no_emails_found,0,unknown,0,ipsync.link,0,unknown,tier_d,
ja3.pro,,,,,,,0,reject,no_emails_found,0,unknown,0,ja3.pro,0,unknown,tier_d,
jimo.ai,thomas@usejimo.com,https://jimo.ai/,httpx,site_page,mailto,0,98,high,site_source|untyped_mailbox|domain_mismatch|sightings_24|verified|band:tier_a,24,verified,90,jimo.ai,40,valid,tier_a,observed
jimo.ai,support@usejimo.com,https://jimo.ai/privacy,httpx,site_page,mailto,1,96,high,site_source|useful_mailbox|domain_mismatch|sightings_2|verified|band:tier_a,2,verified,90,jimo.ai,40,valid,tier_a,observed
jupitrr.com,,,,,,,0,reject,no_emails_found,0,unknown,0,jupitrr.com,0,unknown,tier_d,
ajinkyabhat.com,,,,,,,0,reject,no_emails_found,0,unknown,0,ajinkyabhat.com,0,unknown,tier_d,
loom.com,,,,,,,0,reject,no_emails_found,0,unknown,0,loom.com,0,unknown,tier_d,
luckydiem.com,info@luckydiem.com,https://www.luckydiem.com/,httpx,site_page,mailto,0,100,high,site_source|generic_mailbox|domain_match_exact|sightings_6|verified|band:tier_a,6,verified,90,luckydiem.com,90,valid,tier_a,observed
luckydiem.com,example@mysite.com,https://www.luckydiem.com/,httpx,site_page,html,0,90,high,site_source|untyped_mailbox|domain_mismatch|sightings_3|verified|band:tier_b,3,verified,90,luckydiem.com,40,valid,tier_b,observed
macaddresslookup.org,,,,,,,0,reject,no_emails_found,0,unknown,0,macaddresslookup.org,0,unknown,tier_d,
magicsnap.ai,,,,,,,0,reject,no_emails_found,0,unknown,0,magicsnap.ai,0,unknown,tier_d,
founderpal.ai,,,,,,,0,reject,no_emails_found,0,unknown,0,founderpal.ai,0,unknown,tier_d,
maximus.guru,,,,,,,0,reject,no_emails_found,0,unknown,0,maximus.guru,0,unknown,tier_d,
heykelseys.gumroad.com,,,,,,,0,reject,no_emails_found,0,unknown,0,heykelseys.gumroad.com,0,unknown,tier_d,
meln.ai,,,,,,,0,reject,no_emails_found,0,unknown,0,meln.ai,0,unknown,tier_d,
mindpal.space,,,,,,,0,reject,no_emails_found,0,unknown,0,mindpal.space,0,unknown,tier_d,
miro.com,legal@miro.com,https://miro.com/legal/terms-of-service/,httpx,site_page,html,1,100,high,site_source|untyped_mailbox|domain_match_exact|sightings_1|verified|band:tier_a,1,verified,90,miro.com,90,valid,tier_a,observed
miro.com,hello@miro.com,https://miro.com/,inferred,pattern_inferred,role_probe,0,77,high,inferred_candidate|useful_mailbox|domain_match_exact|sightings_1|verified|band:tier_c,1,verified,90,miro.com,90,valid,tier_c,inferred
modernquery.io,,,,,,,0,reject,no_emails_found,0,unknown,0,modernquery.io,0,unknown,tier_d,
monsterimage.ai,,,,,,,0,reject,no_emails_found,0,unknown,0,monsterimage.ai,0,unknown,tier_d,
mubr.app,,,,,,,0,reject,no_emails_found,0,unknown,0,mubr.app,0,unknown,tier_d,
mygptbrain.com,,,,,,,0,reject,no_emails_found,0,unknown,0,mygptbrain.com,0,unknown,tier_d,
nappr.io,,,,,,,0,reject,no_emails_found,0,unknown,0,nappr.io,0,unknown,tier_d,
trynara.com,,,,,,,0,reject,no_emails_found,0,unknown,0,trynara.com,0,unknown,tier_d,
dolpin.io,,,,,,,0,reject,no_emails_found,0,unknown,0,dolpin.io,0,unknown,tier_d,
notionauts.co,,,,,,,0,reject,no_emails_found,0,unknown,0,notionauts.co,0,unknown,tier_d,
off-grid.design,,,,,,,0,reject,no_emails_found,0,unknown,0,off-grid.design,0,unknown,tier_d,
affordhunt.com,istudio.singapore@affordhunt.com,https://affordhunt.com/,inferred,pattern_inferred,pattern_first_dot_last,0,67,medium,inferred_candidate|untyped_mailbox|domain_match_exact|sightings_1|verified|band:tier_c,1,verified,90,affordhunt.com,90,valid,tier_c,inferred
affordhunt.com,istudiosingapore@affordhunt.com,https://affordhunt.com/,inferred,pattern_inferred,pattern_concat,0,67,medium,inferred_candidate|untyped_mailbox|domain_match_exact|sightings_1|verified|band:tier_c,1,verified,90,affordhunt.com,90,valid,tier_c,inferred
openinterpreter.com,,,,,,,0,reject,no_emails_found,0,unknown,0,openinterpreter.com,0,unknown,tier_d,
ui.osohq.com,,,,,,,0,reject,no_emails_found,0,unknown,0,ui.osohq.com,0,unknown,tier_d,
papermark.com,support@papermark.com,https://www.papermark.com/privacy,httpx,site_page,html,1,100,high,site_source|useful_mailbox|domain_match_exact|sightings_3|verified|band:tier_a,3,verified,90,papermark.com,90,valid,tier_a,observed
papermark.com,dmca@papermark.io,https://www.papermark.com/terms,httpx,site_page,html,1,82,high,site_source|untyped_mailbox|domain_mismatch|sightings_1|verified|band:tier_b,1,verified,90,papermark.com,40,valid,tier_b,observed
partnerverse.online,,,,,,,0,reject,no_emails_found,0,unknown,0,partnerverse.online,0,unknown,tier_d,
magicpatterns.com,support@magicpatterns.com,https://www.magicpatterns.com/,httpx,site_page,html,0,100,high,site_source|useful_mailbox|domain_match_exact|sightings_25|verified|band:tier_a,25,verified,90,magicpatterns.com,90,valid,tier_a,observed
magicpatterns.com,hello@portfolio.com,https://www.magicpatterns.com/catalog,httpx,site_page,html,1,92,high,site_source|useful_mailbox|domain_mismatch|sightings_1|verified|band:tier_b,1,verified,90,magicpatterns.com,40,valid,tier_b,observed
laiew.com,,,,,,,0,reject,no_emails_found,0,unknown,0,laiew.com,0,unknown,tier_d,
plutis.io,,,,,,,0,reject,no_emails_found,0,unknown,0,plutis.io,0,unknown,tier_d,
pocket.hansei.app,,,,,,,0,reject,no_emails_found,0,unknown,0,pocket.hansei.app,0,unknown,tier_d,
positivetomato.com,,,,,,,0,reject,no_emails_found,0,unknown,0,positivetomato.com,0,unknown,tier_d,
preloaderai.com,,,,,,,0,reject,no_emails_found,0,unknown,0,preloaderai.com,0,unknown,tier_d,
flowjam.com,adam@flowjam.com,https://www.flowjam.com/,httpx,site_page,html,0,100,high,site_source|untyped_mailbox|domain_match_exact|sightings_4|verified|band:tier_a,4,verified,90,flowjam.com,90,valid,tier_a,observed
flowjam.com,hello@flowjam.com,https://www.flowjam.com/,inferred,pattern_inferred,role_probe,0,77,high,inferred_candidate|useful_mailbox|domain_match_exact|sightings_1|verified|band:tier_c,1,verified,90,flowjam.com,90,valid,tier_c,inferred
productmindset.io,,,,,,,0,reject,no_emails_found,0,unknown,0,productmindset.io,0,unknown,tier_d,
sedo.com,,,,,,,0,reject,no_emails_found,0,unknown,0,sedo.com,0,unknown,tier_d,
randomseed.co,,,,,,,0,reject,no_emails_found,0,unknown,0,randomseed.co,0,unknown,tier_d,
reaction.ink,,,,,,,0,reject,no_emails_found,0,unknown,0,reaction.ink,0,unknown,tier_d,
micro.readme.com,,,,,,,0,reject,no_emails_found,0,unknown,0,micro.readme.com,0,unknown,tier_d,
refff.co,,,,,,,0,reject,no_emails_found,0,unknown,0,refff.co,0,unknown,tier_d,
naden.co,,,,,,,0,reject,no_emails_found,0,unknown,0,naden.co,0,unknown,tier_d,
restimuli.com,,,,,,,0,reject,no_emails_found,0,unknown,0,restimuli.com,0,unknown,tier_d,
google.com,,,,,,,0,reject,no_emails_found,0,unknown,0,google.com,0,unknown,tier_d,
deploy-home.scoutflo.com,,,,,,,0,reject,no_emails_found,0,unknown,0,deploy-home.scoutflo.com,0,unknown,tier_d,
second.dev,,,,,,,0,reject,no_emails_found,0,unknown,0,second.dev,0,unknown,tier_d,
sendit.arcana.network,,,,,,,0,reject,no_emails_found,0,unknown,0,sendit.arcana.network,0,unknown,tier_d,
conversion.ai,hiring@conversion.ai,https://conversion.ai/company,httpx,site_page,mailto,1,100,high,site_source|untyped_mailbox|domain_match_exact|sightings_1|verified|band:tier_a,1,verified,90,conversion.ai,90,valid,tier_a,observed
conversion.ai,privacy@conversion.ai,https://conversion.ai/privacy,httpx,site_page,mailto,1,100,high,site_source|untyped_mailbox|domain_match_exact|sightings_2|verified|band:tier_a,2,verified,90,conversion.ai,90,valid,tier_a,observed
shadergradient.co,,,,,,,0,reject,no_emails_found,0,unknown,0,shadergradient.co,0,unknown,tier_d,
shipfast.ai,,,,,,,0,reject,no_emails_found,0,unknown,0,shipfast.ai,0,unknown,tier_d,
thesamur.ai,support@thesamur.ai,https://www.thesamur.ai/contact-us,httpx,site_page,html,1,100,high,site_source|contact_page|useful_mailbox|domain_match_exact|sightings_3|verified|band:tier_a,3,verified,90,thesamur.ai,90,valid,tier_a,observed
thesamur.ai,hello@thesamur.ai,https://www.thesamur.ai/add-chatgpt-to-shopify,inferred,pattern_inferred,role_probe,0,77,high,inferred_candidate|useful_mailbox|domain_match_exact|sightings_1|verified|band:tier_c,1,verified,90,thesamur.ai,90,valid,tier_c,inferred
marketplace.sleuth.io,,,,,,,0,reject,no_emails_found,0,unknown,0,marketplace.sleuth.io,0,unknown,tier_d,
solcial.io,,,,,,,0,reject,no_emails_found,0,unknown,0,solcial.io,0,unknown,tier_d,
sonarlist.io,,,,,,,0,reject,no_emails_found,0,unknown,0,sonarlist.io,0,unknown,tier_d,
steddy.health,,,,,,,0,reject,no_emails_found,0,unknown,0,steddy.health,0,unknown,tier_d,
bilendi-ux.com,contact@bilendi-ux.com,https://www.bilendi-ux.com/,httpx,site_page,jsonld,0,100,high,site_source|useful_mailbox|domain_match_exact|sightings_22|verified|band:tier_a,22,verified,90,bilendi-ux.com,90,valid,tier_a,observed
bilendi-ux.com,support@tandemz.io,https://www.bilendi-ux.com/resources,httpx,site_page,html,1,96,high,site_source|useful_mailbox|domain_mismatch|sightings_2|verified|band:tier_a,2,verified,90,bilendi-ux.com,40,valid,tier_a,observed
atom.com,,,,,,,0,reject,no_emails_found,0,unknown,0,atom.com,0,unknown,tier_d,
eyeballer.dev,,,,,,,0,reject,no_emails_found,0,unknown,0,eyeballer.dev,0,unknown,tier_d,
bigvu.tv,support@bigvu.tv,https://bigvu.tv/,httpx,site_page,mailto,0,100,high,site_source|useful_mailbox|domain_match_exact|sightings_22|verified|band:tier_a,22,verified,90,bigvu.tv,90,valid,tier_a,observed
bigvu.tv,hello@bigvu.tv,https://bigvu.tv/,inferred,pattern_inferred,role_probe,0,77,high,inferred_candidate|useful_mailbox|domain_match_exact|sightings_1|verified|band:tier_c,1,verified,90,bigvu.tv,90,valid,tier_c,inferred
wedding-os.framer.ai,,,,,,,0,reject,no_emails_found,0,unknown,0,wedding-os.framer.ai,0,unknown,tier_d,
understand-better.com,,,,,,,0,reject,no_emails_found,0,unknown,0,understand-better.com,0,unknown,tier_d,
v0.app,studioneuwaes@gmail.com,https://v0.app/,httpx,site_page,html,0,86,high,site_source|untyped_mailbox|domain_mismatch|sightings_2|verified|band:tier_b,2,verified,90,v0.app,40,valid,tier_b,observed
v0.app,privacy@vercel.com,https://v0.app/faq,httpx,site_page,mailto,1,82,high,site_source|untyped_mailbox|domain_mismatch|sightings_1|verified|band:tier_b,1,verified,90,v0.app,40,valid,tier_b,observed
valo.club,,,,,,,0,reject,no_emails_found,0,unknown,0,valo.club,0,unknown,tier_d,
yc.v.inc,,,,,,,0,reject,no_emails_found,0,unknown,0,yc.v.inc,0,unknown,tier_d,
labs.heygen.com,,,,,,,0,reject,no_emails_found,0,unknown,0,labs.heygen.com,0,unknown,tier_d,
vite.dev,,,,,,,0,reject,no_emails_found,0,unknown,0,vite.dev,0,unknown,tier_d,
w3.do,,,,,,,0,reject,no_emails_found,0,unknown,0,w3.do,0,unknown,tier_d,
wanderlous.com,,,,,,,0,reject,no_emails_found,0,unknown,0,wanderlous.com,0,unknown,tier_d,
game.caena.io,,,,,,,0,reject,no_emails_found,0,unknown,0,game.caena.io,0,unknown,tier_d,
atom.com,,,,,,,0,reject,no_emails_found,0,unknown,0,atom.com,0,unknown,tier_d,
xtractly.io,,,,,,,0,reject,no_emails_found,0,unknown,0,xtractly.io,0,unknown,tier_d,
xuperauth.com,,,,,,,0,reject,no_emails_found,0,unknown,0,xuperauth.com,0,unknown,tier_d,
youtab.ai,,,,,,,0,reject,no_emails_found,0,unknown,0,youtab.ai,0,unknown,tier_d,
news.zoom.us,,,,,,,0,reject,no_emails_found,0,unknown,0,news.zoom.us,0,unknown,tier_d,
99booksstore.com,,,,,,,0,reject,no_emails_found,0,unknown,0,99booksstore.com,0,unknown,tier_d,
amala.earth,,,,,,,0,reject,no_emails_found,0,unknown,0,amala.earth,0,unknown,tier_d,
andme.in,,,,,,,0,reject,no_emails_found,0,unknown,0,andme.in,0,unknown,tier_d,
nilkamalhomes.com,connect@nilkamalhomes.com,https://www.nilkamalhomes.com/,httpx,site_page,mailto,0,100,high,site_source|untyped_mailbox|domain_match_exact|sightings_25|verified|band:tier_a,25,verified,90,nilkamalhomes.com,90,valid,tier_a,observed
nilkamalhomes.com,storemgr.hadapsar@nilkamal.com,https://www.nilkamalhomes.com/pages/corporate-gifting,httpx,site_page,mailto,1,82,high,site_source|untyped_mailbox|domain_mismatch|sightings_1|verified|band:tier_b,1,verified,90,nilkamalhomes.com,40,valid,tier_b,observed
avermedia.com,,,,,,,0,reject,no_emails_found,0,unknown,0,avermedia.com,0,unknown,tier_d,
backend.build.cashify.in,,,,,,,0,reject,no_emails_found,0,unknown,0,backend.build.cashify.in,0,unknown,tier_d,
bajaao.com,,,,,,,0,reject,no_emails_found,0,unknown,0,bajaao.com,0,unknown,tier_d,
bighaat.com,,,,,,,0,reject,no_emails_found,0,unknown,0,bighaat.com,0,unknown,tier_d,
boheco.in,,,,,,,0,reject,no_emails_found,0,unknown,0,boheco.in,0,unknown,tier_d,
boheco.com,all.products@boheco.com,https://boheco.com/,inferred,pattern_inferred,pattern_first_dot_last,0,67,medium,inferred_candidate|untyped_mailbox|domain_match_exact|sightings_1|verified|band:tier_c,1,verified,90,boheco.com,90,valid,tier_c,inferred
boheco.com,allproducts@boheco.com,https://boheco.com/,inferred,pattern_inferred,pattern_concat,0,67,medium,inferred_candidate|untyped_mailbox|domain_match_exact|sightings_1|verified|band:tier_c,1,verified,90,boheco.com,90,valid,tier_c,inferred
bombayshavingcompany.com,,,,,,,0,reject,no_emails_found,0,unknown,0,bombayshavingcompany.com,0,unknown,tier_d,
goboult.co.in,support@boultaudio.com,https://goboult.co.in/,httpx,site_page,html,0,100,high,site_source|useful_mailbox|domain_mismatch|sightings_25|verified|band:tier_a,25,verified,90,goboult.co.in,40,valid,tier_a,observed
goboult.co.in,info@goboult.co.in,https://goboult.co.in/,httpx,site_page,html,0,100,high,site_source|generic_mailbox|domain_match_exact|sightings_25|verified|band:tier_a,25,verified,90,goboult.co.in,90,valid,tier_a,observed
bunai.com,orders@bunai.com,https://www.bunai.com/products/parrot-green-pompom-dress,httpx,site_page,mailto,1,100,high,site_source|untyped_mailbox|domain_match_exact|sightings_3|verified|band:tier_a,3,verified,90,bunai.com,90,valid,tier_a,observed
bunai.com,orders@bunaai.com,https://www.bunai.com/,httpx,site_page,jsonld,0,98,high,site_source|untyped_mailbox|domain_mismatch|sightings_25|verified|band:tier_a,25,verified,90,bunai.com,40,valid,tier_a,observed
buywow.in,,,,,,,0,reject,no_emails_found,0,unknown,0,buywow.in,0,unknown,tier_d,
casestudio.in,,,,,,,0,reject,no_emails_found,0,unknown,0,casestudio.in,0,unknown,tier_d,
4rabetlogin.com,info@4rabetlogin.com,https://4rabetlogin.com/,httpx,site_page,html,0,95,high,site_source|generic_mailbox|domain_match_exact|sightings_10|risky|delivery_unknown|band:tier_b,10,risky,45,4rabetlogin.com,90,unknown,tier_b,observed
4rabetlogin.com,support@4rabet.com,https://4rabetlogin.com/support/,httpx,site_page,html,1,92,high,site_source|useful_mailbox|domain_mismatch|sightings_1|verified|band:tier_b,1,verified,90,4rabetlogin.com,40,valid,tier_b,observed
dtc.boat-lifestyle.com,,,,,,,0,reject,no_emails_found,0,unknown,0,dtc.boat-lifestyle.com,0,unknown,tier_d,
ellipstore.com,,,,,,,0,reject,no_emails_found,0,unknown,0,ellipstore.com,0,unknown,tier_d,
fivedesignclient.in,,,,,,,0,reject,no_emails_found,0,unknown,0,fivedesignclient.in,0,unknown,tier_d,
fullyfilmy.in,,,,,,,0,reject,no_emails_found,0,unknown,0,fullyfilmy.in,0,unknown,tier_d,
gourmetgarden.in,,,,,,,0,reject,no_emails_found,0,unknown,0,gourmetgarden.in,0,unknown,tier_d,
helmetdon.in,,,,,,,0,reject,no_emails_found,0,unknown,0,helmetdon.in,0,unknown,tier_d,
s3.itcstore.in,,,,,,,0,reject,no_emails_found,0,unknown,0,s3.itcstore.in,0,unknown,tier_d,
justherbs.in,,,,,,,0,reject,no_emails_found,0,unknown,0,justherbs.in,0,unknown,tier_d,
koovs.com,,,,,,,0,reject,no_emails_found,0,unknown,0,koovs.com,0,unknown,tier_d,
shopify.com,plus@shopify.com,https://www.shopify.com/sell,httpx,site_page,html,1,100,high,site_source|untyped_mailbox|domain_match_exact|sightings_7|verified|band:tier_a,7,verified,90,shopify.com,90,valid,tier_a,observed
shopify.com,u003eplus@shopify.com,https://www.shopify.com/sell,httpx,site_page,html,1,100,high,site_source|untyped_mailbox|domain_match_exact|sightings_7|verified|band:tier_a,7,verified,90,shopify.com,90,valid,tier_a,observed
lotus.in,care@lotusherbals.com,https://www.lotus.in/,httpx,site_page,jsonld,0,98,high,site_source|untyped_mailbox|domain_mismatch|sightings_25|verified|band:tier_a,25,verified,90,lotus.in,40,valid,tier_a,observed
lotus.in,vishal.singh@lotusherbals.com,https://www.lotus.in/,httpx,site_page,html,0,98,high,site_source|untyped_mailbox|domain_mismatch|sightings_25|verified|band:tier_a,25,verified,90,lotus.in,40,valid,tier_a,observed
masalatokri.com,,,,,,,0,reject,no_emails_found,0,unknown,0,masalatokri.com,0,unknown,tier_d,
mavshacklive.in,,,,,,,0,reject,no_emails_found,0,unknown,0,mavshacklive.in,0,unknown,tier_d,
mobiera.in,,,,,,,0,reject,no_emails_found,0,unknown,0,mobiera.in,0,unknown,tier_d,
nextstep.net.in,,,,,,,0,reject,no_emails_found,0,unknown,0,nextstep.net.in,0,unknown,tier_d,
oberlo.com,hello@oberlo.com,https://www.oberlo.com,httpx,site_page,mailto,0,100,high,site_source|useful_mailbox|domain_match_exact|sightings_2|verified|band:tier_a,2,verified,90,oberlo.com,90,valid,tier_a,observed
oberlo.com,billing@oberlo.com,https://www.oberlo.com/legal,httpx,site_page,html,1,100,high,site_source|untyped_mailbox|domain_match_exact|sightings_1|verified|band:tier_a,1,verified,90,oberlo.com,90,valid,tier_a,observed
organicglacier.in,,,,,,,0,reject,no_emails_found,0,unknown,0,organicglacier.in,0,unknown,tier_d,
oxiclear.com,hi@oxiclear.in,https://www.oxiclear.com/pages/contact-us-1,httpx,site_page,html,1,100,high,site_source|contact_page|untyped_mailbox|domain_mismatch|sightings_12|verified|band:tier_a,12,verified,90,oxiclear.com,40,valid,tier_a,observed
oxiclear.com,hello@oxiclear.com,https://www.oxiclear.com/,inferred,pattern_inferred,role_probe,0,77,high,inferred_candidate|useful_mailbox|domain_match_exact|sightings_1|verified|band:tier_c,1,verified,90,oxiclear.com,90,valid,tier_c,inferred
zigly.com,support@zigly.com,https://zigly.com/,httpx,site_page,mailto,0,100,high,site_source|useful_mailbox|domain_match_exact|sightings_25|verified|band:tier_a,25,verified,90,zigly.com,90,valid,tier_a,observed
zigly.com,hello@zigly.com,https://zigly.com/,inferred,pattern_inferred,role_probe,0,77,high,inferred_candidate|useful_mailbox|domain_match_exact|sightings_1|verified|band:tier_c,1,verified,90,zigly.com,90,valid,tier_c,inferred
printrash.in,error-lite@duckduckgo.com,https://duckduckgo.com/html/?q=%22%40printrash.in%22+%22contact%22,osint,search_snippet,snippet_regex,0,76,high,osint_source|untyped_mailbox|domain_mismatch|sightings_2|verified|band:tier_c,2,verified,90,printrash.in,40,valid,tier_c,observed
printrash.in,hello@printrash.in,https://printrash.in/,inferred,pattern_inferred,role_probe,0,46,low,inferred_candidate|useful_mailbox|domain_match_exact|sightings_1|risky|delivery_unknown|band:tier_c,1,risky,45,printrash.in,90,unknown,tier_c,inferred
rareplanet.com,info@rareplanet.in,https://rareplanet.com/,httpx,site_page,mailto,0,100,high,site_source|generic_mailbox|domain_mismatch|sightings_25|verified|band:tier_a,25,verified,90,rareplanet.com,40,valid,tier_a,observed
rareplanet.com,error-lite@duckduckgo.com,https://duckduckgo.com/html/?q=site%3Arareplanet.com+%22%40rareplanet.com%22,osint,search_snippet,snippet_regex,0,80,high,osint_source|untyped_mailbox|domain_mismatch|sightings_3|verified|band:tier_b,3,verified,90,rareplanet.com,40,valid,tier_b,observed
reequil.com,help@reequil.com,https://www.reequil.com/,httpx,site_page,mailto,0,100,high,site_source|untyped_mailbox|domain_match_exact|sightings_25|verified|band:tier_a,25,verified,90,reequil.com,90,valid,tier_a,observed
reequil.com,care@reequil.com,https://www.reequil.com/,httpx,site_page,html,0,100,high,site_source|untyped_mailbox|domain_match_exact|sightings_25|verified|band:tier_a,25,verified,90,reequil.com,90,valid,tier_a,observed
ribuy.in,error-lite@duckduckgo.com,https://duckduckgo.com/html/?q=site%3Aribuy.in+%22%40ribuy.in%22,osint,search_snippet,snippet_regex,0,80,high,osint_source|untyped_mailbox|domain_mismatch|sightings_3|verified|band:tier_b,3,verified,90,ribuy.in,40,valid,tier_b,observed
ribuy.in,hello@ribuy.in,https://ribuy.in/,inferred,pattern_inferred,role_probe,0,46,low,inferred_candidate|useful_mailbox|domain_match_exact|sightings_1|risky|delivery_unknown|band:tier_c,1,risky,45,ribuy.in,90,unknown,tier_c,inferred
rynoxgear.com,contact@rynoxgears.com,https://rynoxgear.com/collections/gloves,httpx,site_page,html,1,100,high,site_source|useful_mailbox|domain_mismatch|sightings_10|verified|band:tier_a,10,verified,90,rynoxgear.com,40,valid,tier_a,observed
rynoxgear.com,u003econtact@rynoxgears.com,https://rynoxgear.com/collections/jerseys,httpx,site_page,html,1,86,high,site_source|untyped_mailbox|domain_mismatch|sightings_2|verified|band:tier_b,2,verified,90,rynoxgear.com,40,valid,tier_b,observed
saralhome.com,website@saralhome.com,https://saralhome.com/,httpx,site_page,html,0,100,high,site_source|untyped_mailbox|domain_match_exact|sightings_25|verified|band:tier_a,25,verified,90,saralhome.com,90,valid,tier_a,observed
saralhome.com,error-lite@duckduckgo.com,https://duckduckgo.com/html/?q=site%3Asaralhome.com+%22%40saralhome.com%22,osint,search_snippet,snippet_regex,0,80,high,osint_source|untyped_mailbox|domain_mismatch|sightings_3|verified|band:tier_b,3,verified,90,saralhome.com,40,valid,tier_b,observed
securebuy.in,error-lite@duckduckgo.com,https://duckduckgo.com/html/?q=site%3Asecurebuy.in+%22%40securebuy.in%22,osint,search_snippet,snippet_regex,0,80,high,osint_source|untyped_mailbox|domain_mismatch|sightings_3|verified|band:tier_b,3,verified,90,securebuy.in,40,valid,tier_b,observed
securebuy.in,hello@securebuy.in,https://securebuy.in/,inferred,pattern_inferred,role_probe,0,46,low,inferred_candidate|useful_mailbox|domain_match_exact|sightings_1|risky|delivery_unknown|band:tier_c,1,risky,45,securebuy.in,90,unknown,tier_c,inferred
shop.simon.com,error-lite@duckduckgo.com,https://duckduckgo.com/html/?q=site%3Ashop.simon.com+%22%40shop.simon.com%22,osint,search_snippet,snippet_regex,0,80,high,osint_source|untyped_mailbox|domain_mismatch|sightings_3|verified|band:tier_b,3,verified,90,shop.simon.com,40,valid,tier_b,observed
shop.simon.com,hello@shop.simon.com,https://shop.simon.com/,inferred,pattern_inferred,role_probe,0,46,low,inferred_candidate|useful_mailbox|domain_match_exact|sightings_1|risky|delivery_unknown|band:tier_c,1,risky,45,shop.simon.com,90,unknown,tier_c,inferred
skinelements.com,care@skinelements.in,https://skinelements.com/pages/contact-us,httpx,site_page,mailto,1,100,high,site_source|contact_page|untyped_mailbox|domain_mismatch|sightings_24|verified|band:tier_a,24,verified,90,skinelements.com,40,valid,tier_a,observed
skinelements.com,info@skinelements.in,https://skinelements.com/,httpx,site_page,mailto,0,100,high,site_source|generic_mailbox|domain_mismatch|sightings_24|verified|band:tier_a,24,verified,90,skinelements.com,40,valid,tier_a,observed
cashify.in,grievanceofficer@cashify.in,https://www.cashify.in/buy-refurbished-mobile-phones,httpx,site_page,mailto,0,100,high,site_source|untyped_mailbox|domain_match_exact|sightings_25|verified|band:tier_a,25,verified,90,cashify.in,90,valid,tier_a,observed
cashify.in,support@cashify.in,https://www.cashify.in/contact,httpx,site_page,mailto,1,100,high,site_source|contact_page|useful_mailbox|domain_match_exact|sightings_2|verified|band:tier_a,2,verified,90,cashify.in,90,valid,tier_a,observed
redhat.com,automotive-requests@redhat.com,https://www.redhat.com/en/solutions/automotive,httpx,site_page,mailto,1,100,high,site_source|untyped_mailbox|domain_match_exact|sightings_1|verified|band:tier_a,1,verified,90,redhat.com,90,valid,tier_a,observed
redhat.com,error-lite@duckduckgo.com,https://duckduckgo.com/html/?q=site%3Aredhat.com+%22%40redhat.com%22,osint,search_snippet,snippet_regex,0,80,high,osint_source|untyped_mailbox|domain_mismatch|sightings_3|verified|band:tier_b,3,verified,90,redhat.com,40,valid,tier_b,observed
8tracks.com,error-lite@duckduckgo.com,https://duckduckgo.com/html/?q=site%3A8tracks.com+%22%408tracks.com%22,osint,search_snippet,snippet_regex,0,80,high,osint_source|untyped_mailbox|domain_mismatch|sightings_3|verified|band:tier_b,3,verified,90,8tracks.com,40,valid,tier_b,observed
8tracks.com,hello@8tracks.com,https://8tracks.com/,inferred,pattern_inferred,role_probe,0,77,high,inferred_candidate|useful_mailbox|domain_match_exact|sightings_1|verified|band:tier_c,1,verified,90,8tracks.com,90,valid,tier_c,inferred
ablschools.com,error-lite@duckduckgo.com,https://duckduckgo.com/html/?q=site%3Aablschools.com+%22%40ablschools.com%22,osint,search_snippet,snippet_regex,0,80,high,osint_source|untyped_mailbox|domain_mismatch|sightings_3|verified|band:tier_b,3,verified,90,ablschools.com,40,valid,tier_b,observed
ablschools.com,hello@ablschools.com,https://ablschools.com/,inferred,pattern_inferred,role_probe,0,77,high,inferred_candidate|useful_mailbox|domain_match_exact|sightings_1|verified|band:tier_c,1,verified,90,ablschools.com,90,valid,tier_c,inferred
accela.com,error-lite@duckduckgo.com,https://duckduckgo.com/html/?q=site%3Aaccela.com+%22%40accela.com%22,osint,search_snippet,snippet_regex,0,80,high,osint_source|untyped_mailbox|domain_mismatch|sightings_3|verified|band:tier_b,3,verified,90,accela.com,40,valid,tier_b,observed
accela.com,hello@accela.com,https://accela.com/,inferred,pattern_inferred,role_probe,0,77,high,inferred_candidate|useful_mailbox|domain_match_exact|sightings_1|verified|band:tier_c,1,verified,90,accela.com,90,valid,tier_c,inferred
adeccogroup.com,globalprivacy@adeccogroup.com,https://www.adeccogroup.com/privacy-policy,httpx,site_page,mailto,1,100,high,site_source|untyped_mailbox|domain_match_exact|sightings_1|verified|band:tier_a,1,verified,90,adeccogroup.com,90,valid,tier_a,observed
adeccogroup.com,u003eglobalprivacy@adeccogroup.com,https://www.adeccogroup.com/privacy-policy,httpx,site_page,html,1,100,high,site_source|untyped_mailbox|domain_match_exact|sightings_1|verified|band:tier_a,1,verified,90,adeccogroup.com,90,valid,tier_a,observed
admitsee.com,info@admitsee.com,https://www.admitsee.com/contact,httpx,site_page,html,1,100,high,site_source|contact_page|generic_mailbox|domain_match_exact|sightings_6|verified|band:tier_a,6,verified,90,admitsee.com,90,valid,tier_a,observed
admitsee.com,error-lite@duckduckgo.com,https://duckduckgo.com/html/?q=site%3Aadmitsee.com+%22%40admitsee.com%22,osint,search_snippet,snippet_regex,0,80,high,osint_source|untyped_mailbox|domain_mismatch|sightings_3|verified|band:tier_b,3,verified,90,admitsee.com,40,valid,tier_b,observed
adobe.com,error-lite@duckduckgo.com,https://duckduckgo.com/html/?q=site%3Aadobe.com+%22%40adobe.com%22,osint,search_snippet,snippet_regex,0,80,high,osint_source|untyped_mailbox|domain_mismatch|sightings_3|verified|band:tier_b,3,verified,90,adobe.com,40,valid,tier_b,observed
adobe.com,hello@adobe.com,https://www.adobe.com/,inferred,pattern_inferred,role_probe,0,77,high,inferred_candidate|useful_mailbox|domain_match_exact|sightings_1|verified|band:tier_c,1,verified,90,adobe.com,90,valid,tier_c,inferred
adroll.com,error-lite+9318@duckduckgo.com,https://duckduckgo.com/html/?q=site%3Aadroll.com+%22%40adroll.com%22,osint,search_snippet,snippet_regex,0,80,high,osint_source|untyped_mailbox|domain_mismatch|sightings_3|verified|band:tier_b,3,verified,90,adroll.com,40,valid,tier_b,observed
adroll.com,hello@adroll.com,https://www.adroll.com/,inferred,pattern_inferred,role_probe,0,77,high,inferred_candidate|useful_mailbox|domain_match_exact|sightings_1|verified|band:tier_c,1,verified,90,adroll.com,90,valid,tier_c,inferred
adstage.io,error-lite+9318@duckduckgo.com,https://duckduckgo.com/html/?q=site%3Aadstage.io+%22%40adstage.io%22,osint,search_snippet,snippet_regex,0,80,high,osint_source|untyped_mailbox|domain_mismatch|sightings_3|verified|band:tier_b,3,verified,90,adstage.io,40,valid,tier_b,observed
adstage.io,hello@adstage.io,https://adstage.io/,inferred,pattern_inferred,role_probe,0,77,high,inferred_candidate|useful_mailbox|domain_match_exact|sightings_1|verified|band:tier_c,1,verified,90,adstage.io,90,valid,tier_c,inferred
advent.com,info@advent.com,https://www.advent.com/about/partners/,httpx,site_page,mailto,1,100,high,site_source|generic_mailbox|domain_match_exact|sightings_2|verified|band:tier_a,2,verified,90,advent.com,90,valid,tier_a,observed
advent.com,hello@archlabs.com,https://www.advent.com/about/partners/,httpx,site_page,mailto,1,92,high,site_source|useful_mailbox|domain_mismatch|sightings_1|verified|band:tier_b,1,verified,90,advent.com,40,valid,tier_b,observed
adyen.com,ir@adyen.com,https://www.adyen.com/contact/sales,httpx,site_page,mailto,1,100,high,site_source|contact_page|untyped_mailbox|domain_match_exact|sightings_5|verified|band:tier_a,5,verified,90,adyen.com,90,valid,tier_a,observed
adyen.com,info@afca.org.au,https://www.adyen.com/contact/sales,httpx,site_page,mailto,1,100,high,site_source|contact_page|generic_mailbox|domain_mismatch|sightings_5|verified|band:tier_a,5,verified,90,adyen.com,40,valid,tier_a,observed
aerotek.com,accommodation@aerotek.com,https://www.aerotek.com/en/career-opportunities,httpx,site_page,mailto,1,100,high,site_source|untyped_mailbox|domain_match_exact|sightings_1|verified|band:tier_a,1,verified,90,aerotek.com,90,valid,tier_a,observed
aerotek.com,sabourdeau@aerotek.com,https://www.aerotek.com/en/about-us/news-and-events/news,httpx,site_page,mailto,1,100,high,site_source|untyped_mailbox|domain_match_exact|sightings_1|verified|band:tier_a,1,verified,90,aerotek.com,90,valid,tier_a,observed
aeye.ai,error-lite+9318@duckduckgo.com,https://duckduckgo.com/html/?q=site%3Aaeye.ai+%22%40aeye.ai%22,osint,search_snippet,snippet_regex,0,80,high,osint_source|untyped_mailbox|domain_mismatch|sightings_3|verified|band:tier_b,3,verified,90,aeye.ai,40,valid,tier_b,observed
aeye.ai,hello@aeye.ai,https://aeye.ai/,inferred,pattern_inferred,role_probe,0,77,high,inferred_candidate|useful_mailbox|domain_match_exact|sightings_1|verified|band:tier_c,1,verified,90,aeye.ai,90,valid,tier_c,inferred
affinity.co,info@affinity.co,https://www.affinity.co/contact-us,httpx,site_page,mailto,1,100,high,site_source|contact_page|generic_mailbox|domain_match_exact|sightings_1|verified|band:tier_a,1,verified,90,affinity.co,90,valid,tier_a,observed
affinity.co,support@affinity.co,https://www.affinity.co/contact-us,httpx,site_page,mailto,1,100,high,site_source|contact_page|useful_mailbox|domain_match_exact|sightings_3|verified|band:tier_a,3,verified,90,affinity.co,90,valid,tier_a,observed
affirm.com,error-lite@duckduckgo.com,https://duckduckgo.com/html/?q=site%3Aaffirm.com+%22%40affirm.com%22,osint,search_snippet,snippet_regex,0,80,high,osint_source|untyped_mailbox|domain_mismatch|sightings_3|verified|band:tier_b,3,verified,90,affirm.com,40,valid,tier_b,observed
affirm.com,hello@affirm.com,https://www.affirm.com/,inferred,pattern_inferred,role_probe,0,77,high,inferred_candidate|useful_mailbox|domain_match_exact|sightings_1|verified|band:tier_c,1,verified,90,affirm.com,90,valid,tier_c,inferred
aftercollege.com,error-lite@duckduckgo.com,https://duckduckgo.com/html/?q=site%3Aaftercollege.com+%22%40aftercollege.com%22,osint,search_snippet,snippet_regex,0,80,high,osint_source|untyped_mailbox|domain_mismatch|sightings_3|verified|band:tier_b,3,verified,90,aftercollege.com,40,valid,tier_b,observed
aftercollege.com,hello@aftercollege.com,https://www.aftercollege.com/,inferred,pattern_inferred,role_probe,0,77,high,inferred_candidate|useful_mailbox|domain_match_exact|sightings_1|verified|band:tier_c,1,verified,90,aftercollege.com,90,valid,tier_c,inferred
airbnb.com,hello@airbnb.com,https://www.airbnb.com/,inferred,pattern_inferred,role_probe,0,77,high,inferred_candidate|useful_mailbox|domain_match_exact|sightings_1|verified|band:tier_c,1,verified,90,airbnb.com,90,valid,tier_c,inferred
airbnb.com,contact@airbnb.com,https://www.airbnb.com/,inferred,pattern_inferred,role_probe,0,77,high,inferred_candidate|useful_mailbox|domain_match_exact|sightings_1|verified|band:tier_c,1,verified,90,airbnb.com,90,valid,tier_c,inferred
airtable.com,sales@airtable.com,https://www.airtable.com/company/trust-and-security,httpx,site_page,mailto,1,100,high,site_source|useful_mailbox|domain_match_exact|sightings_1|verified|band:tier_a,1,verified,90,airtable.com,90,valid,tier_a,observed
airtable.com,security@airtable.com,https://www.airtable.com/company/trust-and-security,httpx,site_page,mailto,1,100,high,site_source|untyped_mailbox|domain_match_exact|sightings_1|verified|band:tier_a,1,verified,90,airtable.com,90,valid,tier_a,observed
airware.com,,,,,,,0,reject,no_emails_found,0,unknown,0,airware.com,0,unknown,tier_d,
akqa.com,,,,,,,0,reject,no_emails_found,0,unknown,0,akqa.com,0,unknown,tier_d,
aktana.com,privacy@aktana.com,https://www.aktana.com/privacy/,httpx,site_page,mailto,1,100,high,site_source|untyped_mailbox|domain_match_exact|sightings_1|verified|band:tier_a,1,verified,90,aktana.com,90,valid,tier_a,observed
aktana.com,legal@aktana.com,https://www.aktana.com/terms/,httpx,site_page,mailto,1,100,high,site_source|untyped_mailbox|domain_match_exact|sightings_1|verified|band:tier_a,1,verified,90,aktana.com,90,valid,tier_a,observed
alation.com,contactsales@alation.com,https://www.alation.com/,httpx,site_page,html,0,100,high,site_source|useful_mailbox|domain_match_exact|sightings_25|verified|band:tier_a,25,verified,90,alation.com,90,valid,tier_a,observed
alation.com,hrwebrequest@alation.com,https://www.alation.com/,httpx,site_page,html,0,100,high,site_source|untyped_mailbox|domain_match_exact|sightings_25|verified|band:tier_a,25,verified,90,alation.com,90,valid,tier_a,observed
algolia.com,pr@algolia.com,https://www.algolia.com/about/news,httpx,site_page,html,1,100,high,site_source|untyped_mailbox|domain_match_exact|sightings_1|verified|band:tier_a,1,verified,90,algolia.com,90,valid,tier_a,observed
algolia.com,algolia@pancomm.com,https://www.algolia.com/about/news,httpx,site_page,html,1,82,high,site_source|untyped_mailbox|domain_mismatch|sightings_1|verified|band:tier_b,1,verified,90,algolia.com,40,valid,tier_b,observed
business.att.com,office@hand.pdf,https://www.business.att.com/products/office-at-hand.html,httpx,site_page,html,1,51,medium,site_source|untyped_mailbox|domain_mismatch|sightings_1|risky|delivery_unknown|band:tier_d,1,risky,45,business.att.com,40,unknown,tier_d,observed
business.att.com,hello@business.att.com,https://www.business.att.com/portfolios/cybersecurity.html,inferred,pattern_inferred,role_probe,0,46,low,inferred_candidate|useful_mailbox|domain_match_exact|sightings_1|risky|delivery_unknown|band:tier_c,1,risky,45,business.att.com,90,unknown,tier_c,inferred
allbirds.com,help@allbirds.com,https://www.allbirds.com/,httpx,site_page,mailto,0,100,high,site_source|untyped_mailbox|domain_match_exact|sightings_25|verified|band:tier_a,25,verified,90,allbirds.com,90,valid,tier_a,observed
allbirds.com,privacy@allbirds.com,https://www.allbirds.com/,httpx,site_page,mailto,0,100,high,site_source|untyped_mailbox|domain_match_exact|sightings_25|verified|band:tier_a,25,verified,90,allbirds.com,90,valid,tier_a,observed
alloy.ai,,,,,,,0,reject,no_emails_found,0,unknown,0,alloy.ai,0,unknown,tier_d,
alpha-sense.com,support@alpha-sense.com,https://www.alpha-sense.com/contact/,httpx,site_page,mailto,1,100,high,site_source|contact_page|useful_mailbox|domain_match_exact|sightings_1|verified|band:tier_a,1,verified,90,alpha-sense.com,90,valid,tier_a,observed
alpha-sense.com,media@alpha-sense.com,https://www.alpha-sense.com/contact/,httpx,site_page,mailto,1,100,high,site_source|contact_page|untyped_mailbox|domain_match_exact|sightings_2|verified|band:tier_a,2,verified,90,alpha-sense.com,90,valid,tier_a,observed
altschool.com,,,,,,,0,reject,no_emails_found,0,unknown,0,altschool.com,0,unknown,tier_d,
alwayshired.com,sales.services@alwayshired.com,https://alwayshired.com/,inferred,pattern_inferred,pattern_first_dot_last,0,77,high,inferred_candidate|useful_mailbox|domain_match_exact|sightings_1|verified|band:tier_c,1,verified,90,alwayshired.com,90,valid,tier_c,inferred
alwayshired.com,salesservices@alwayshired.com,https://alwayshired.com/,inferred,pattern_inferred,pattern_concat,0,77,high,inferred_candidate|useful_mailbox|domain_match_exact|sightings_1|verified|band:tier_c,1,verified,90,alwayshired.com,90,valid,tier_c,inferred
amazon.com,,,,,,,0,reject,no_emails_found,0,unknown,0,amazon.com,0,unknown,tier_d,
aws.training,,,,,,,0,reject,no_emails_found,0,unknown,0,aws.training,0,unknown,tier_d,
ambient.ai,sales@ambient.ai,https://www.ambient.ai/,httpx,site_page,jsonld,0,100,high,site_source|useful_mailbox|domain_match_exact|sightings_25|verified|band:tier_a,25,verified,90,ambient.ai,90,valid,tier_a,observed
ambient.ai,privacy@ambient.ai,https://www.ambient.ai/privacy-policy,httpx,site_page,jsonld,1,100,high,site_source|untyped_mailbox|domain_match_exact|sightings_1|verified|band:tier_a,1,verified,90,ambient.ai,90,valid,tier_a,observed
amd.com,,,,,,,0,reject,no_emails_found,0,unknown,0,amd.com,0,unknown,tier_d,
amplitude.com,sales@amplitude.com,https://amplitude.com/,httpx,site_page,jsonld,0,100,high,site_source|useful_mailbox|domain_match_exact|sightings_25|verified|band:tier_a,25,verified,90,amplitude.com,90,valid,tier_a,observed
amplitude.com,legal@amplitude.com,https://amplitude.com/legal,httpx,site_page,mailto,1,100,high,site_source|untyped_mailbox|domain_match_exact|sightings_2|verified|band:tier_a,2,verified,90,amplitude.com,90,valid,tier_a,observed
anaplan.com,privacy@anaplan.com,https://www.anaplan.com/Privacy-Statement/,httpx,site_page,html,1,100,high,site_source|untyped_mailbox|domain_match_exact|sightings_1|verified|band:tier_a,1,verified,90,anaplan.com,90,valid,tier_a,observed
anaplan.com,security@anaplan.com,https://www.anaplan.com/Privacy-Statement/,httpx,site_page,html,1,100,high,site_source|untyped_mailbox|domain_match_exact|sightings_1|verified|band:tier_a,1,verified,90,anaplan.com,90,valid,tier_a,observed
angaza.com,esg@angaza.com,https://www.angaza.com/sustainability-commitment/,httpx,site_page,html,1,100,high,site_source|untyped_mailbox|domain_match_exact|sightings_1|verified|band:tier_a,1,verified,90,angaza.com,90,valid,tier_a,observed
angaza.com,security@angaza.com,https://www.angaza.com/security/,httpx,site_page,mailto,1,100,high,site_source|untyped_mailbox|domain_match_exact|sightings_1|verified|band:tier_a,1,verified,90,angaza.com,90,valid,tier_a,observed
wellfound.com,talent@wellfound.com,https://wellfound.com/recruit/overview,httpx,site_page,cf_obfuscated,1,100,high,site_source|untyped_mailbox|domain_match_exact|sightings_1|verified|band:tier_a,1,verified,90,wellfound.com,90,valid,tier_a,observed
wellfound.com,hello@ellfound.com,https://wellfound.com/,inferred,pattern_inferred,role_probe,0,21,reject,inferred_candidate|useful_mailbox|domain_mismatch|sightings_1|risky|delivery_unknown|band:tier_d,1,risky,45,wellfound.com,40,unknown,tier_d,inferred
anomali.com,recruiting@anomali.com,https://www.anomali.com/company/careers,httpx,site_page,html,1,100,high,site_source|untyped_mailbox|domain_match_exact|sightings_1|verified|band:tier_a,1,verified,90,anomali.com,90,valid,tier_a,observed
anomali.com,privacy@anomali.com,https://www.anomali.com/privacy-policy,httpx,site_page,mailto,1,100,high,site_source|untyped_mailbox|domain_match_exact|sightings_1|verified|band:tier_a,1,verified,90,anomali.com,90,valid,tier_a,observed
apollo.io,u003eprivacy@apollo.io,https://www.apollo.io/,httpx,site_page,html,0,100,high,site_source|untyped_mailbox|domain_match_exact|sightings_2|verified|band:tier_a,2,verified,90,apollo.io,90,valid,tier_a,observed
apollo.io,u003esupport@apollo.io,https://www.apollo.io/,httpx,site_page,html,0,100,high,site_source|untyped_mailbox|domain_match_exact|sightings_2|verified|band:tier_a,2,verified,90,apollo.io,90,valid,tier_a,observed
appacademy.io,admissions@appacademy.io,https://www.appacademy.io/contact-us/,httpx,site_page,html,1,100,high,site_source|contact_page|untyped_mailbox|domain_match_exact|sightings_4|verified|band:tier_a,4,verified,90,appacademy.io,90,valid,tier_a,observed
appacademy.io,privacy@appacademy.io,https://www.appacademy.io/privacy-policy,httpx,site_page,mailto,1,100,high,site_source|untyped_mailbox|domain_match_exact|sightings_2|verified|band:tier_a,2,verified,90,appacademy.io,90,valid,tier_a,observed
data.ai,,,,,,,0,reject,no_emails_found,0,unknown,0,data.ai,0,unknown,tier_d,
appdirect.com,support@appdirect.com,https://www.appdirect.com/,httpx,site_page,jsonld,0,100,high,site_source|useful_mailbox|domain_match_exact|sightings_24|verified|band:tier_a,24,verified,90,appdirect.com,90,valid,tier_a,observed
appdirect.com,prforappdirect@bospar.com,https://www.appdirect.com/about/contact,httpx,site_page,mailto,1,100,high,site_source|contact_page|untyped_mailbox|domain_mismatch|sightings_4|verified|band:tier_a,4,verified,90,appdirect.com,40,valid,tier_a,observed
splunk.com,support@splunk.com,https://www.splunk.com/,httpx,site_page,jsonld,1,100,high,site_source|useful_mailbox|domain_match_exact|sightings_1|verified|band:tier_a,1,verified,90,splunk.com,90,valid,tier_a,observed
splunk.com,hello@splunk.com,https://www.splunk.com/en_us/appdynamics-joins-splunk.html?301=appdynamics,inferred,pattern_inferred,role_probe,0,77,high,inferred_candidate|useful_mailbox|domain_match_exact|sightings_1|verified|band:tier_c,1,verified,90,splunk.com,90,valid,tier_c,inferred
apple.com,media.help@apple.com,https://www.apple.com/leadership/,httpx,site_page,mailto,1,100,high,site_source|untyped_mailbox|domain_match_exact|sightings_1|verified|band:tier_a,1,verified,90,apple.com,90,valid,tier_a,observed
apple.com,hello@apple.com,https://www.apple.com/,inferred,pattern_inferred,role_probe,0,77,high,inferred_candidate|useful_mailbox|domain_match_exact|sightings_1|verified|band:tier_c,1,verified,90,apple.com,90,valid,tier_c,inferred
appnexus.com,,,,,,,0,reject,no_emails_found,0,unknown,0,appnexus.com,0,unknown,tier_d,
appodeal.com,hi@appodeal.com,https://appodeal.com/terms-of-service/,httpx,site_page,cf_obfuscated,1,100,high,site_source|untyped_mailbox|domain_match_exact|sightings_1|verified|band:tier_a,1,verified,90,appodeal.com,90,valid,tier_a,observed
appodeal.com,legal@appodeal.com,https://appodeal.com/terms-of-service/,httpx,site_page,cf_obfuscated,1,100,high,site_source|untyped_mailbox|domain_match_exact|sightings_2|verified|band:tier_a,2,verified,90,appodeal.com,90,valid,tier_a,observed
airship.com,,,,,,,0,reject,no_emails_found,0,unknown,0,airship.com,0,unknown,tier_d,
apteligent.com,,,,,,,0,reject,no_emails_found,0,unknown,0,apteligent.com,0,unknown,tier_d,
getaptly.com,help@getaptly.com,https://www.getaptly.com/privacy-policy,httpx,site_page,mailto,1,100,high,site_source|untyped_mailbox|domain_match_exact|sightings_2|verified|band:tier_a,2,verified,90,getaptly.com,90,valid,tier_a,observed
getaptly.com,adam@getaptly.com,https://www.getaptly.com/api,httpx,site_page,mailto,1,100,high,site_source|untyped_mailbox|domain_match_exact|sightings_1|verified|band:tier_a,1,verified,90,getaptly.com,90,valid,tier_a,observed
conga.com,privacy@conga.com,https://conga.com/privacy,httpx,site_page,mailto,1,100,high,site_source|untyped_mailbox|domain_match_exact|sightings_1|verified|band:tier_a,1,verified,90,conga.com,90,valid,tier_a,observed
conga.com,hello@conga.com,https://conga.com/,inferred,pattern_inferred,role_probe,0,77,high,inferred_candidate|useful_mailbox|domain_match_exact|sightings_1|verified|band:tier_c,1,verified,90,conga.com,90,valid,tier_c,inferred
armory.io,,,,,,,0,reject,no_emails_found,0,unknown,0,armory.io,0,unknown,tier_d,
art.com,art.type@art.com,https://www.art.com/,inferred,pattern_inferred,pattern_first_dot_last,0,67,medium,inferred_candidate|untyped_mailbox|domain_match_exact|sightings_1|verified|band:tier_c,1,verified,90,art.com,90,valid,tier_c,inferred
art.com,arttype@art.com,https://www.art.com/,inferred,pattern_inferred,pattern_concat,0,67,medium,inferred_candidate|untyped_mailbox|domain_match_exact|sightings_1|verified|band:tier_c,1,verified,90,art.com,90,valid,tier_c,inferred
asana.com,x@mail.asana.com,https://asana.com/,httpx,site_page,html,0,100,high,site_source|untyped_mailbox|domain_match_related|sightings_23|verified|band:tier_a,23,verified,90,asana.com,75,valid,tier_a,observed
asana.com,dpa@asana.com,https://asana.com/privacy,httpx,site_page,mailto,1,100,high,site_source|untyped_mailbox|domain_match_exact|sightings_1|verified|band:tier_a,1,verified,90,asana.com,90,valid,tier_a,observed
askmediagroup.com,hello@askmediagroup.com,https://www.askmediagroup.com/,inferred,pattern_inferred,role_probe,0,77,high,inferred_candidate|useful_mailbox|domain_match_exact|sightings_1|verified|band:tier_c,1,verified,90,askmediagroup.com,90,valid,tier_c,inferred
askmediagroup.com,contact@askmediagroup.com,https://www.askmediagroup.com/,inferred,pattern_inferred,role_probe,0,77,high,inferred_candidate|useful_mailbox|domain_match_exact|sightings_1|verified|band:tier_c,1,verified,90,askmediagroup.com,90,valid,tier_c,inferred
asus.com,legalcompliance@asus.com,https://www.asus.com/terms_of_use_notice_privacy_policy/official-site/,httpx,site_page,html,1,100,high,site_source|untyped_mailbox|domain_match_exact|sightings_2|verified|band:tier_a,2,verified,90,asus.com,90,valid,tier_a,observed
asus.com,privacy@asus.com,https://www.asus.com/terms_of_use_notice_privacy_policy/privacy_policy/,httpx,site_page,html,1,100,high,site_source|untyped_mailbox|domain_match_exact|sightings_1|verified|band:tier_a,1,verified,90,asus.com,90,valid,tier_a,observed
atrium.co,,,,,,,0,reject,no_emails_found,0,unknown,0,atrium.co,0,unknown,tier_d,
autodesk.com,,,,,,,0,reject,no_emails_found,0,unknown,0,autodesk.com,0,unknown,tier_d,
automattic.com,privacypolicyupdates@automattic.com,https://automattic.com/,httpx,site_page,html,0,100,high,site_source|untyped_mailbox|domain_match_exact|sightings_11|verified|band:tier_a,11,verified,90,automattic.com,90,valid,tier_a,observed
automattic.com,support@cloudup.com,https://automattic.com/contact/,httpx,site_page,mailto,1,100,high,site_source|contact_page|useful_mailbox|domain_mismatch|sightings_1|verified|band:tier_a,1,verified,90,automattic.com,40,valid,tier_a,observed
avast.com,dpo@avast.com,https://www.avast.com/privacy,httpx,site_page,mailto,1,100,high,site_source|untyped_mailbox|domain_match_exact|sightings_2|verified|band:tier_a,2,verified,90,avast.com,90,valid,tier_a,observed
avast.com,hello@avast.com,https://www.avast.com/en-us/index,inferred,pattern_inferred,role_probe,0,77,high,inferred_candidate|useful_mailbox|domain_match_exact|sightings_1|verified|band:tier_c,1,verified,90,avast.com,90,valid,tier_c,inferred
avatier.com,sales@avatier.com,https://www.avatier.com/contact-sales/,httpx,site_page,cf_obfuscated,1,100,high,site_source|contact_page|useful_mailbox|domain_match_exact|sightings_2|verified|band:tier_a,2,verified,90,avatier.com,90,valid,tier_a,observed
avatier.com,support@avatier.com,https://www.avatier.com/privacy/,httpx,site_page,cf_obfuscated,1,100,high,site_source|useful_mailbox|domain_match_exact|sightings_2|verified|band:tier_a,2,verified,90,avatier.com,90,valid,tier_a,observed
aircompany.ai,,,,,,,0,reject,no_emails_found,0,unknown,0,aircompany.ai,0,unknown,tier_d,
babycenter.com,community@babycenter.com,https://www.babycenter.com/,httpx,site_page,html,0,100,high,site_source|untyped_mailbox|domain_match_exact|sightings_25|verified|band:tier_a,25,verified,90,babycenter.com,90,valid,tier_a,observed
babycenter.com,u003ecommunity@babycenter.com,https://www.babycenter.com/,httpx,site_page,html,0,100,high,site_source|untyped_mailbox|domain_match_exact|sightings_25|verified|band:tier_a,25,verified,90,babycenter.com,90,valid,tier_a,observed
babylist.com,support@babylist.com,https://www.babylist.com/about,httpx,site_page,microdata,1,100,high,site_source|useful_mailbox|domain_match_exact|sightings_4|verified|band:tier_a,4,verified,90,babylist.com,90,valid,tier_a,observed
babylist.com,dmca@babylist.com,https://www.babylist.com/terms,httpx,site_page,cf_obfuscated,1,100,high,site_source|untyped_mailbox|domain_match_exact|sightings_1|verified|band:tier_a,1,verified,90,babylist.com,90,valid,tier_a,observed
backerkit.com,community@backerkit.com,https://www.backerkit.com/blog/tabletop-games-crowdfunding-roadmap?utm_source=backerkit&amp;utm_medium=main_nav_resources,httpx,site_page,cf_obfuscated,1,100,high,site_source|untyped_mailbox|domain_match_exact|sightings_1|verified|band:tier_a,1,verified,90,backerkit.com,90,valid,tier_a,observed
backerkit.com,hello@backerkit.com,https://www.backerkit.com/,inferred,pattern_inferred,role_probe,0,77,high,inferred_candidate|useful_mailbox|domain_match_exact|sightings_1|verified|band:tier_c,1,verified,90,backerkit.com,90,valid,tier_c,inferred
barracuda.com,info@barracuda.com,https://www.barracuda.com/,httpx,site_page,jsonld,0,100,high,site_source|generic_mailbox|domain_match_exact|sightings_25|verified|band:tier_a,25,verified,90,barracuda.com,90,valid,tier_a,observed
barracuda.com,hello@barracuda.com,https://www.barracuda.com/,inferred,pattern_inferred,role_probe,0,77,high,inferred_candidate|useful_mailbox|domain_match_exact|sightings_1|verified|band:tier_c,1,verified,90,barracuda.com,90,valid,tier_c,inferred
bebo.com,,,,,,,0,reject,no_emails_found,0,unknown,0,bebo.com,0,unknown,tier_d,
bedrockanalytics.com,info@bedrockanalytics.com,https://www.bedrockanalytics.com/,httpx,site_page,mailto,0,100,high,site_source|generic_mailbox|domain_match_exact|sightings_18|verified|band:tier_a,18,verified,90,bedrockanalytics.com,90,valid,tier_a,observed
bedrockanalytics.com,careers@bedrockanalytics.com,https://www.bedrockanalytics.com/company/,httpx,site_page,html,1,100,high,site_source|untyped_mailbox|domain_match_exact|sightings_1|verified|band:tier_a,1,verified,90,bedrockanalytics.com,90,valid,tier_a,observed
beezwax.net,info@beezwax.net,https://www.beezwax.net/privacy,httpx,site_page,mailto,1,100,high,site_source|generic_mailbox|domain_match_exact|sightings_1|verified|band:tier_a,1,verified,90,beezwax.net,90,valid,tier_a,observed
beezwax.net,hello@beezwax.net,https://www.beezwax.net/,inferred,pattern_inferred,role_probe,0,77,high,inferred_candidate|useful_mailbox|domain_match_exact|sightings_1|verified|band:tier_c,1,verified,90,beezwax.net,90,valid,tier_c,inferred
benchmark.com,,,,,,,0,reject,no_emails_found,0,unknown,0,benchmark.com,0,unknown,tier_d,
benevity.com,privacy@benevity.com,https://benevity.com/legal/privacy-notice,httpx,site_page,mailto,1,100,high,site_source|untyped_mailbox|domain_match_exact|sightings_1|verified|band:tier_a,1,verified,90,benevity.com,90,valid,tier_a,observed
benevity.com,help@benevity.com,https://benevity.com/legal/privacy-notice,httpx,site_page,mailto,1,100,high,site_source|untyped_mailbox|domain_match_exact|sightings_1|verified|band:tier_a,1,verified,90,benevity.com,90,valid,tier_a,observed
betterment.com,support@betterment.com,https://www.betterment.com/legal/cash-reserve-program-banks,httpx,site_page,mailto,1,100,high,site_source|useful_mailbox|domain_match_exact|sightings_5|verified|band:tier_a,5,verified,90,betterment.com,90,valid,tier_a,observed
betterment.com,legal@betterment.com,https://www.betterment.com/legal/terms,httpx,site_page,html,1,100,high,site_source|untyped_mailbox|domain_match_exact|sightings_2|verified|band:tier_a,2,verified,90,betterment.com,90,valid,tier_a,observed
betterup.com,press@betterup.co,https://www.betterup.com/about-us/news-and-press,httpx,site_page,mailto,1,82,high,site_source|untyped_mailbox|domain_mismatch|sightings_1|verified|band:tier_b,1,verified,90,betterup.com,40,valid,tier_b,observed
betterup.com,hello@betterup.com,https://www.betterup.com/,inferred,pattern_inferred,role_probe,0,77,high,inferred_candidate|useful_mailbox|domain_match_exact|sightings_1|verified|band:tier_c,1,verified,90,betterup.com,90,valid,tier_c,inferred
betterworks.com,support@betterworks.com,https://www.betterworks.com/contact-us,httpx,site_page,mailto,1,100,high,site_source|contact_page|useful_mailbox|domain_match_exact|sightings_3|verified|band:tier_a,3,verified,90,betterworks.com,90,valid,tier_a,observed
betterworks.com,press@betterworks.com,https://www.betterworks.com/contact-us,httpx,site_page,mailto,1,100,high,site_source|contact_page|untyped_mailbox|domain_match_exact|sightings_2|verified|band:tier_a,2,verified,90,betterworks.com,90,valid,tier_a,observed
catsolen.com,,,,,,,0,reject,no_emails_found,0,unknown,0,catsolen.com,0,unknown,tier_d,
beyondgames.co,,,,,,,0,reject,no_emails_found,0,unknown,0,beyondgames.co,0,unknown,tier_d,
bigcommerce.com,about.us@bigcommerce.com,https://www.bigcommerce.com/,inferred,pattern_inferred,pattern_first_dot_last,0,67,medium,inferred_candidate|untyped_mailbox|domain_match_exact|sightings_1|verified|band:tier_c,1,verified,90,bigcommerce.com,90,valid,tier_c,inferred
bigcommerce.com,aboutus@bigcommerce.com,https://www.bigcommerce.com/,inferred,pattern_inferred,pattern_concat,0,67,medium,inferred_candidate|untyped_mailbox|domain_match_exact|sightings_1|verified|band:tier_c,1,verified,90,bigcommerce.com,90,valid,tier_c,inferred
bincsearch.com,,,,,,,0,reject,no_emails_found,0,unknown,0,bincsearch.com,0,unknown,tier_d,
binti.com,,,,,,,0,reject,no_emails_found,0,unknown,0,binti.com,0,unknown,tier_d,
birst.com,,,,,,,0,reject,no_emails_found,0,unknown,0,birst.com,0,unknown,tier_d,
bitbucket.org,press@atlassian.com,https://bitbucket.org/account/signup/,httpx,site_page,jsonld,1,90,high,site_source|untyped_mailbox|domain_mismatch|sightings_3|verified|band:tier_b,3,verified,90,bitbucket.org,40,valid,tier_b,observed
bitbucket.org,hello@bitbucket.org,https://bitbucket.org/,inferred,pattern_inferred,role_probe,0,77,high,inferred_candidate|useful_mailbox|domain_match_exact|sightings_1|verified|band:tier_c,1,verified,90,bitbucket.org,90,valid,tier_c,inferred
bitnami.com,,,,,,,0,reject,no_emails_found,0,unknown,0,bitnami.com,0,unknown,tier_d,
blackhawknetwork.com,,,,,,,0,reject,no_emails_found,0,unknown,0,blackhawknetwork.com,0,unknown,tier_d,
bleacherreport.com,community@bleacherreport.com,https://bleacherreport.com/,httpx,site_page,html,0,100,high,site_source|untyped_mailbox|domain_match_exact|sightings_22|verified|band:tier_a,22,verified,90,bleacherreport.com,90,valid,tier_a,observed
bleacherreport.com,eric.pincus@gmail.com,https://bleacherreport.com/nba,httpx,site_page,html,1,82,high,site_source|untyped_mailbox|domain_mismatch|sightings_1|verified|band:tier_b,1,verified,90,bleacherreport.com,40,valid,tier_b,observed
blend.com,press@blend.com,https://blend.com/company/newsroom/,httpx,site_page,mailto,1,100,high,site_source|untyped_mailbox|domain_match_exact|sightings_2|verified|band:tier_a,2,verified,90,blend.com,90,valid,tier_a,observed
blend.com,ir@blend.com,https://blend.com/company/newsroom/blend-launches-autopilot-completing-loan-origination-reviews-in-seconds/,httpx,site_page,mailto,1,100,high,site_source|untyped_mailbox|domain_match_exact|sightings_1|verified|band:tier_a,1,verified,90,blend.com,90,valid,tier_a,observed
chegg.com,,,,,,,0,reject,no_emails_found,0,unknown,0,chegg.com,0,unknown,tier_d,
bloomthat.com,,,,,,,0,reject,no_emails_found,0,unknown,0,bloomthat.com,0,unknown,tier_d,
bluerivertechnology.com,,,,,,,0,reject,no_emails_found,0,unknown,0,bluerivertechnology.com,0,unknown,tier_d,
bluecrewjobs.com,copyright@bluecrewjobs.com,https://www.bluecrewjobs.com/termsofuse,httpx,site_page,html,1,100,high,site_source|untyped_mailbox|domain_match_exact|sightings_1|verified|band:tier_a,1,verified,90,bluecrewjobs.com,90,valid,tier_a,observed
bluecrewjobs.com,legal@bluecrewjobs.com,https://www.bluecrewjobs.com/termsofuse,httpx,site_page,html,1,100,high,site_source|untyped_mailbox|domain_match_exact|sightings_1|verified|band:tier_a,1,verified,90,bluecrewjobs.com,90,valid,tier_a,observed
bluejeans.com,,,,,,,0,reject,no_emails_found,0,unknown,0,bluejeans.com,0,unknown,tier_d,
bluevine.com,support@bluevine.com,https://www.bluevine.com/privacy-policy,httpx,site_page,mailto,1,100,high,site_source|useful_mailbox|domain_match_exact|sightings_1|verified|band:tier_a,1,verified,90,bluevine.com,90,valid,tier_a,observed
bluevine.com,u003esupport@bluevine.com,https://www.bluevine.com/privacy-policy,httpx,site_page,html,1,100,high,site_source|untyped_mailbox|domain_match_exact|sightings_1|verified|band:tier_a,1,verified,90,bluevine.com,90,valid,tier_a,observed
blurb.com,support@blurb.com,https://www.blurb.com/privacy,httpx,site_page,mailto,1,100,high,site_source|useful_mailbox|domain_match_exact|sightings_1|verified|band:tier_a,1,verified,90,blurb.com,90,valid,tier_a,observed
blurb.com,datasubjectrequest@rpiprint.com,https://www.blurb.com/privacy,httpx,site_page,mailto,1,82,high,site_source|untyped_mailbox|domain_mismatch|sightings_1|verified|band:tier_b,1,verified,90,blurb.com,40,valid,tier_b,observed
bolt.com,support@bolt.com,https://www.bolt.com/,crawl4ai;conduit,browser_fallback,browser_js,0,99,high,useful_mailbox|domain_match_exact|sightings_1|verified|band:tier_a,1,verified,90,bolt.com,90,valid,tier_a,observed
bolt.com,security@bolt.com,https://www.bolt.com/,crawl4ai;conduit,browser_fallback,browser_js,0,89,high,untyped_mailbox|domain_match_exact|sightings_1|verified|band:tier_b,1,verified,90,bolt.com,90,valid,tier_b,observed
box.com,youyang@box.com,https://www.box.com/,crawl4ai,browser_fallback,browser_js,0,89,high,untyped_mailbox|domain_match_exact|sightings_1|verified|band:tier_b,1,verified,90,box.com,90,valid,tier_b,observed
box.com,hello@box.com,https://www.box.com/,inferred,pattern_inferred,role_probe,0,77,high,inferred_candidate|useful_mailbox|domain_match_exact|sightings_1|verified|band:tier_c,1,verified,90,box.com,90,valid,tier_c,inferred
boxbot.io,boxbot.automation@boxbot.io,https://www.boxbot.io/,inferred,pattern_inferred,pattern_first_dot_last,0,67,medium,inferred_candidate|untyped_mailbox|domain_match_exact|sightings_1|verified|band:tier_c,1,verified,90,boxbot.io,90,valid,tier_c,inferred
boxbot.io,boxbotautomation@boxbot.io,https://www.boxbot.io/,inferred,pattern_inferred,pattern_concat,0,67,medium,inferred_candidate|untyped_mailbox|domain_match_exact|sightings_1|verified|band:tier_c,1,verified,90,boxbot.io,90,valid,tier_c,inferred
bradfieldcs.com,oz@csprimer.com,https://bradfieldcs.com/,httpx,site_page,cf_obfuscated,0,82,high,site_source|untyped_mailbox|domain_mismatch|sightings_1|verified|band:tier_b,1,verified,90,bradfieldcs.com,40,valid,tier_b,observed
bradfieldcs.com,hello@bradfieldcs.com,https://bradfieldcs.com/,inferred,pattern_inferred,role_probe,0,77,high,inferred_candidate|useful_mailbox|domain_match_exact|sightings_1|verified|band:tier_c,1,verified,90,bradfieldcs.com,90,valid,tier_c,inferred
paypal.com,phishing@paypal.com,https://www.paypal.com/us/security,httpx,site_page,html,1,100,high,site_source|untyped_mailbox|domain_match_exact|sightings_1|verified|band:tier_a,1,verified,90,paypal.com,90,valid,tier_a,observed
paypal.com,skrprivacy@paypal.com,https://www.paypal.com/us/legalhub/privacy-full,httpx,site_page,html,1,100,high,site_source|untyped_mailbox|domain_match_exact|sightings_1|verified|band:tier_a,1,verified,90,paypal.com,90,valid,tier_a,observed
branch.io,,,,,,,0,reject,no_emails_found,0,unknown,0,branch.io,0,unknown,tier_d,
branch.co,india@branch.co,https://branch.co/contact,httpx,site_page,cf_obfuscated,1,100,high,site_source|contact_page|untyped_mailbox|domain_match_exact|sightings_1|verified|band:tier_a,1,verified,90,branch.co,90,valid,tier_a,observed
branch.co,kenya@branch.co,https://branch.co/contact,httpx,site_page,cf_obfuscated,1,100,high,site_source|contact_page|untyped_mailbox|domain_match_exact|sightings_1|verified|band:tier_a,1,verified,90,branch.co,90,valid,tier_a,observed
brex.com,press@brex.com,https://www.brex.com/contact-us,httpx,site_page,mailto,1,100,high,site_source|contact_page|untyped_mailbox|domain_match_exact|sightings_2|verified|band:tier_a,2,verified,90,brex.com,90,valid,tier_a,observed
brex.com,notices@brex.com,https://www.brex.com/legal/platform-agreement,httpx,site_page,html,1,100,high,site_source|untyped_mailbox|domain_match_exact|sightings_1|verified|band:tier_a,1,verified,90,brex.com,90,valid,tier_a,observed
atom.com,,,,,,,0,reject,no_emails_found,0,unknown,0,atom.com,0,unknown,tier_d,
brightbytes.net,,,,,,,0,reject,no_emails_found,0,unknown,0,brightbytes.net,0,unknown,tier_d,
brightidea.com,support@brightidea.com,https://www.brightidea.com/contact/,httpx,site_page,mailto,1,100,high,site_source|contact_page|useful_mailbox|domain_match_exact|sightings_2|verified|band:tier_a,2,verified,90,brightidea.com,90,valid,tier_a,observed
brightidea.com,nsupport@brightidea.com,https://www.brightidea.com/contact/,httpx,site_page,microdata,1,100,high,site_source|contact_page|untyped_mailbox|domain_match_exact|sightings_2|verified|band:tier_a,2,verified,90,brightidea.com,90,valid,tier_a,observed
brightpearl.com,,,,,,,0,reject,no_emails_found,0,unknown,0,brightpearl.com,0,unknown,tier_d,
brighttalk.com,,,,,,,0,reject,no_emails_found,0,unknown,0,brighttalk.com,0,unknown,tier_d,
broadcom.com,hello@broadcom.com,https://www.broadcom.com/,inferred,pattern_inferred,role_probe,0,77,high,inferred_candidate|useful_mailbox|domain_match_exact|sightings_1|verified|band:tier_c,1,verified,90,broadcom.com,90,valid,tier_c,inferred
broadcom.com,contact@broadcom.com,https://www.broadcom.com/,inferred,pattern_inferred,role_probe,0,77,high,inferred_candidate|useful_mailbox|domain_match_exact|sightings_1|verified|band:tier_c,1,verified,90,broadcom.com,90,valid,tier_c,inferred
broadly.com,support@broadly.com,https://broadly.com/contact-us/,httpx,site_page,mailto,1,100,high,site_source|contact_page|useful_mailbox|domain_match_exact|sightings_2|verified|band:tier_a,2,verified,90,broadly.com,90,valid,tier_a,observed
broadly.com,nsupport@broadly.com,https://broadly.com/contact-us/,httpx,site_page,microdata,1,100,high,site_source|contact_page|untyped_mailbox|domain_match_exact|sightings_1|verified|band:tier_a,1,verified,90,broadly.com,90,valid,tier_a,observed
bugcrowd.com,sales@bugcrowd.com,https://www.bugcrowd.com/about/contact/,httpx,site_page,mailto,1,100,high,site_source|contact_page|useful_mailbox|domain_match_exact|sightings_1|verified|band:tier_a,1,verified,90,bugcrowd.com,90,valid,tier_a,observed
bugcrowd.com,press@bugcrowd.com,https://www.bugcrowd.com/about/contact/,httpx,site_page,mailto,1,100,high,site_source|contact_page|untyped_mailbox|domain_match_exact|sightings_3|verified|band:tier_a,3,verified,90,bugcrowd.com,90,valid,tier_a,observed
bugsnag.com,,,,,,,0,reject,no_emails_found,0,unknown,0,bugsnag.com,0,unknown,tier_d,
buildingconnected.com,base.bricks@buildingconnected.com,https://www.buildingconnected.com/,inferred,pattern_inferred,pattern_first_dot_last,0,67,medium,inferred_candidate|untyped_mailbox|domain_match_exact|sightings_1|verified|band:tier_c,1,verified,90,buildingconnected.com,90,valid,tier_c,inferred
buildingconnected.com,basebricks@buildingconnected.com,https://www.buildingconnected.com/,inferred,pattern_inferred,pattern_concat,0,67,medium,inferred_candidate|untyped_mailbox|domain_match_exact|sightings_1|verified|band:tier_c,1,verified,90,buildingconnected.com,90,valid,tier_c,inferred
