domain,email,source_url,source_type,found_in,crawl_depth,confidence_score,confidence_label,reason_flags,sighting_count
circuithub.com,support@circuithub.com,https://circuithub.com/,httpx,mailto,0,100,high,domain_exact_match|mailto_link|seen_23_pages|high_value_prefix,23
circuithub.com,careers@circuithub.com,https://circuithub.com/company/careers,httpx,mailto,1,100,high,domain_exact_match|about_or_team_page|mailto_link,1
circuithub.com,press@circuithub.com,https://circuithub.com/company/press,httpx,mailto,1,100,high,domain_exact_match|about_or_team_page|mailto_link|seen_2_pages,2
circuithub.com,sales@circuithub.com,https://circuithub.com/company/contact,httpx,mailto,1,100,high,domain_exact_match|about_or_team_page|mailto_link|high_value_prefix,1
circuithub.com,andrew@circuithub.com,https://circuithub.com/company/about-us,httpx,html,1,92,high,domain_exact_match|about_or_team_page,1
circuithub.com,rehno@circuithub.com,https://circuithub.com/company/about-us,httpx,html,1,92,high,domain_exact_match|about_or_team_page,1
circuithub.com,melissa@circuithub.com,https://circuithub.com/company/about-us,httpx,html,1,92,high,domain_exact_match|about_or_team_page,1
circuithub.com,hanstolpo@gmail.com,http://docs.circuithub.com/,httpx,html,1,15,reject,domain_mismatch,1
icracked.com,,,,,,0,reject,no_emails_found,0
42floors.com,,,,,,0,reject,no_emails_found,0
plangrid.com,,,,,,0,reject,no_emails_found,0
ireover.com,,,,,,0,reject,no_emails_found,0
themuse.com,privacy@themuse.com,https://www.themuse.com/user/terms,httpx,mailto,1,95,high,domain_exact_match|mailto_link|seen_2_pages|legal_or_compliance_mailbox,2
themuse.com,care.coaching@themuse.com,https://www.themuse.com/coaching,httpx,mailto,1,90,high,domain_exact_match|mailto_link,1
themuse.com,care.email@themuse.com,https://www.themuse.com/user/terms,httpx,mailto,1,90,high,domain_exact_match|mailto_link,1
themuse.com,legal@themuse.com,https://www.themuse.com/user/terms,httpx,mailto,1,90,high,domain_exact_match|mailto_link|legal_or_compliance_mailbox,1
themuse.com,terms@themuse.com,https://www.themuse.com/user/terms,httpx,mailto,1,90,high,domain_exact_match|mailto_link,1
themuse.com,commercial@namadr.com,https://www.themuse.com/user/terms,httpx,html,1,15,reject,domain_mismatch,1
sendhub.com,support@lightslategrey-shrew-983109.hostingersite.com,https://sendhub.com/contact-us,httpx,mailto,1,38,reject,domain_mismatch|mailto_link|seen_2_pages|high_value_prefix,2
sendhub.com,sales@lightslategrey-shrew-983109.hostingersite.com,https://sendhub.com/contact-us,httpx,html,1,28,reject,domain_mismatch|seen_2_pages|high_value_prefix,2
sendhub.com,billing@lightslategrey-shrew-983109.hostingersite.com,https://sendhub.com/contact-us,httpx,mailto,1,25,reject,domain_mismatch|mailto_link,1
hipmob.com,,,,,,0,reject,no_emails_found,0
myvr.com,,,,,,0,reject,no_emails_found,0
hireart.com,support@hireart.com,https://hireart.com/privacy-policy,httpx,mailto,1,100,high,domain_exact_match|mailto_link|seen_2_pages|high_value_prefix,2
noudata.com,,,,,,0,reject,no_emails_found,0
medigram.com,info@medigram.com,https://medigram.com/contact/,httpx,mailto,1,100,high,domain_exact_match|contact_page|mailto_link|seen_3_pages,3
couple.me,support@couple.me,https://couple.me/,httpx,cf_obfuscated,0,100,high,domain_exact_match|cf_obfuscated_decoded|seen_15_pages|high_value_prefix,15
couple.me,privacy@couple.me,https://couple.me/privacy-policy,httpx,html,1,80,high,domain_exact_match|legal_or_compliance_mailbox,1
hackpad.com,,,,,,0,reject,no_emails_found,0
rescale.com,legal@rescale.com,https://rescale.com/company/legal/applicant-privacy-notice/,httpx,cf_obfuscated,1,100,high,domain_exact_match|about_or_team_page|cf_obfuscated_decoded|seen_5_pages|legal_or_compliance_mailbox,5
rescale.com,support@rescale.com,https://rescale.com/company/legal/support-policy/,httpx,cf_obfuscated,1,100,high,domain_exact_match|about_or_team_page|cf_obfuscated_decoded|seen_2_pages|high_value_prefix,2
rescale.com,sales@rescale.com,https://rescale.com/rescale-login/,httpx,html,1,88,high,domain_exact_match|high_value_prefix,1
rescale.com,6950e524c6d3429fbf3aa211e36fcac5@sentry.rescale.com,https://rescale.com/rescale-login/,httpx,html,1,70,medium,subdomain_match,1
angel.co,talent@wellfound.com,https://angel.co/recruit/overview,httpx,cf_obfuscated,1,20,reject,domain_mismatch|cf_obfuscated_decoded,1
taptolearn.com,,,,,,0,reject,no_emails_found,0
optilly.com,,,,,,0,reject,no_emails_found,0
booksolid.com,,,,,,0,reject,no_emails_found,0
gusto.com,,,,,,0,reject,no_emails_found,0
familyleaf.com,,,,,,0,reject,no_emails_found,0
marft.com,,,,,,0,reject,no_emails_found,0
minefold.com,,,,,,0,reject,no_emails_found,0
dealupa.com,,,,,,0,reject,no_emails_found,0
getchute.com,,,,,,0,reject,no_emails_found,0
matterport.com,support@matterport.com,https://matterport.com/contact-us,httpx,mailto,1,98,high,domain_exact_match|mailto_link|high_value_prefix,1
matterport.com,press@matterport.com,https://matterport.com/contact-us,httpx,mailto,1,90,high,domain_exact_match|mailto_link,1
shoptiques.com,,,,,,0,reject,no_emails_found,0
cleverdeck.com,justin@cleverdeck.com,https://cleverdeck.com/,httpx,mailto,0,100,high,domain_exact_match|mailto_link|seen_16_pages,16
cleverdeck.com,help@cleverdeck.com,https://cleverdeck.com/privacy/,httpx,html,1,85,high,domain_exact_match|seen_2_pages,2
makeschool.com,admin@makeschool.org,https://makeschool.com/,httpx,mailto,0,25,reject,domain_mismatch|mailto_link,1
pixelapse.com,,,,,,0,reject,no_emails_found,0
screenleap.com,support@screenleap.com,https://www.screenleap.com/support,httpx,mailto,1,100,high,domain_exact_match|mailto_link|seen_2_pages|high_value_prefix,2
screenleap.com,copyright@screenleap.com,https://www.screenleap.com/terms,httpx,mailto,1,90,high,domain_exact_match|mailto_link|legal_or_compliance_mailbox,1
talkray.com,,,,,,0,reject,no_emails_found,0
zillabyte.com,,,,,,0,reject,no_emails_found,0
iamexec.com,privacyofficer@angi.com,https://iamexec.com/privacy,httpx,mailto,1,25,reject,domain_mismatch|mailto_link|legal_or_compliance_mailbox,1
iamexec.com,legal@handy.com,https://iamexec.com/terms,httpx,mailto,1,25,reject,domain_mismatch|mailto_link|legal_or_compliance_mailbox,1
iamexec.com,contactprivacyofficer@angi.com,https://iamexec.com/privacy,httpx,text,1,23,reject,domain_mismatch|high_value_prefix,1
iamexec.com,legal@angi.com,https://iamexec.com/terms,httpx,html,1,15,reject,domain_mismatch|legal_or_compliance_mailbox,1
joingrouper.com,,,,,,0,reject,no_emails_found,0
amplitude.com,sales@amplitude.com,https://amplitude.com/,httpx,jsonld,0,100,high,domain_exact_match|jsonld_structured_data|seen_25_pages|high_value_prefix,25
amplitude.com,support@amplitude.com,https://amplitude.com/legal,httpx,mailto,1,98,high,domain_exact_match|mailto_link|high_value_prefix,1
amplitude.com,legal@amplitude.com,https://amplitude.com/legal,httpx,mailto,1,95,high,domain_exact_match|mailto_link|seen_2_pages|legal_or_compliance_mailbox,2
amplitude.com,privacy@amplitude.com,https://amplitude.com/legal,httpx,mailto,1,95,high,domain_exact_match|mailto_link|seen_2_pages|legal_or_compliance_mailbox,2
amplitude.com,legalnotices@amplitude.com,https://amplitude.com/terms,httpx,mailto,1,90,high,domain_exact_match|mailto_link|legal_or_compliance_mailbox,1
amplitude.com,integrations@amplitude.com,https://amplitude.com/integrations,httpx,mailto,1,90,high,domain_exact_match|mailto_link,1
amplitude.com,scholarship@amplitude.com,https://amplitude.com/terms,httpx,html,1,80,high,domain_exact_match,1
amplitude.com,subprocessor.notifications@amplitude.com,https://amplitude.com/security-and-privacy,httpx,html,1,80,high,domain_exact_match,1
lendup.com,help@lendup.com,https://lendup.com/contact/,httpx,jsonld,1,100,high,domain_exact_match|contact_page|jsonld_structured_data|seen_25_pages,25
lendup.com,support@lendup.com,https://lendup.com/,httpx,jsonld,0,100,high,domain_exact_match|jsonld_structured_data|seen_25_pages|high_value_prefix,25
tilt.com,help@tilt.com,https://tilt.com/,httpx,mailto,0,100,high,domain_exact_match|mailto_link|seen_9_pages,9
tilt.com,privacy@tilt.com,https://tilt.com/privacy,httpx,mailto,1,90,high,domain_exact_match|mailto_link|legal_or_compliance_mailbox,1
brace.io,,,,,,0,reject,no_emails_found,0
swiftype.com,support@swiftype.com,https://swiftype.com/privacy-and-gdpr-faq,httpx,mailto,1,100,high,domain_exact_match|mailto_link|seen_4_pages|high_value_prefix,4
swiftype.com,sales@swiftype.com,https://swiftype.com/privacy-and-gdpr-faq,httpx,mailto,1,98,high,domain_exact_match|mailto_link|high_value_prefix,1
swiftype.com,press@swiftype.com,https://swiftype.com/press,httpx,mailto,1,90,high,domain_exact_match|mailto_link,1
swiftype.com,security@swiftype.com,https://swiftype.com/security,httpx,html,1,80,high,domain_exact_match|legal_or_compliance_mailbox,1
swiftype.com,privacy@elastic.co,https://swiftype.com/privacy-and-gdpr-faq,httpx,mailto,1,25,reject,domain_mismatch|mailto_link|legal_or_compliance_mailbox,1
lvl6.com,,,,,,0,reject,no_emails_found,0
kytephone.com,info@kytephone.com,https://kytephone.com/privacy/,httpx,cf_obfuscated,1,90,high,domain_exact_match|cf_obfuscated_decoded|seen_2_pages,2
farmlogs.com,contact@bushelpowered.com,https://farmlogs.com/about,httpx,cf_obfuscated,1,50,low,domain_mismatch|about_or_team_page|cf_obfuscated_decoded|seen_25_pages|high_value_prefix,25
99dresses.com,,,,,,0,reject,no_emails_found,0
authy.com,contact@twilio.com,https://authy.com/,httpx,jsonld,0,36,reject,domain_mismatch|jsonld_structured_data|seen_2_pages|high_value_prefix,2
flutterapp.com,,,,,,0,reject,no_emails_found,0
fond.co,,,,,,0,reject,no_emails_found,0
pervices.com,solutions@pervices.com,https://www.pervices.com/contact/,httpx,mailto,1,100,high,domain_exact_match|contact_page|mailto_link|seen_25_pages,25
pervices.com,careers@pervices.com,https://www.pervices.com/careers/,httpx,mailto,1,90,high,domain_exact_match|mailto_link,1
loom.com,,,,,,0,reject,no_emails_found,0
documents.me,,,,,,0,reject,no_emails_found,0
ark.com,,,,,,0,reject,no_emails_found,0
solidstage.com,,,,,,0,reject,no_emails_found,0
yourmechanic.com,hi@yourmechanic.com,https://yourmechanic.com/,httpx,mailto,0,100,high,domain_exact_match|mailto_link|seen_17_pages|high_value_prefix,17
yourmechanic.com,partners@yourmechanic.com,https://yourmechanic.com/about,httpx,mailto,1,100,high,domain_exact_match|about_or_team_page|mailto_link|high_value_prefix,1
yourmechanic.com,media@yourmechanic.com,https://yourmechanic.com/about,httpx,mailto,1,100,high,domain_exact_match|about_or_team_page|mailto_link,1
yourmechanic.com,fleet@yourmechanic.com,https://yourmechanic.com/fleet/fleetservices,httpx,mailto,1,95,high,domain_exact_match|mailto_link|seen_2_pages,2
yourmechanic.com,hello@wrench.com,https://yourmechanic.com/privacy-policy,httpx,mailto,1,38,reject,domain_mismatch|mailto_link|seen_2_pages|high_value_prefix,2
yourmechanic.com,privacy@wrench.com,https://yourmechanic.com/privacy-policy,httpx,mailto,1,25,reject,domain_mismatch|mailto_link|legal_or_compliance_mailbox,1
priceonomics.com,,,,,,0,reject,no_emails_found,0
sendwave.com,,,,,,0,reject,no_emails_found,0
glider.io,,,,,,0,reject,no_emails_found,0
medmonk.com,info@medmonk.com,https://medmonk.com/ContactUs,httpx,mailto,1,100,high,domain_exact_match|mailto_link|seen_10_pages,10
carsabi.com,,,,,,0,reject,no_emails_found,0
ycombinator.com,apply@ycombinator.com,https://ycombinator.com/apply,httpx,mailto,1,95,high,domain_exact_match|mailto_link|seen_2_pages,2
ycombinator.com,yclegal@ycombinator.com,https://ycombinator.com/legal,httpx,mailto,1,90,high,domain_exact_match|mailto_link,1
ycombinator.com,privacy@ycombinator.com,https://ycombinator.com/legal,httpx,html,1,80,high,domain_exact_match|legal_or_compliance_mailbox,1
ycombinator.com,workatastartup@ycombinator.com,https://ycombinator.com/legal,httpx,html,1,80,high,domain_exact_match,1
ycombinator.com,accounts@ycombinator.com,https://ycombinator.com/legal,httpx,html,1,80,high,domain_exact_match,1
ycombinator.com,hn@ycombinator.com,https://ycombinator.com/legal,httpx,html,1,80,high,domain_exact_match,1
socialcam.com,,,,,,0,reject,no_emails_found,0
givespark.com,,,,,,0,reject,no_emails_found,0
shopular.com,appledotcom-logo-inverse-1color-4289@4x.png,https://shopular.com/,httpx,html,0,25,reject,domain_mismatch|seen_25_pages,25
shopular.com,amazon-logo-inverse-1color-1@4x.png,https://shopular.com/,httpx,html,0,25,reject,domain_mismatch|seen_25_pages,25
shopular.com,temu-logo-inverse-1color-21176@4x-copy.png,https://shopular.com/,httpx,html,0,25,reject,domain_mismatch|seen_25_pages,25
shopular.com,macys-logo-inverse-1color-8333@4x.png,https://shopular.com/,httpx,html,0,25,reject,domain_mismatch|seen_25_pages,25
shopular.com,target-logo-inverse-1color-5246@4x.png,https://shopular.com/,httpx,html,0,25,reject,domain_mismatch|seen_25_pages,25
shopular.com,ultabeauty-logo-inverse-1color-4207@4x-101024.png,https://shopular.com/,httpx,html,0,25,reject,domain_mismatch|seen_25_pages,25
shopular.com,bestbuy-logo-inverse-1color-4767@4x.png,https://shopular.com/,httpx,html,0,25,reject,domain_mismatch|seen_25_pages,25
shopular.com,ebay-logo-inverse-1color-3993@4x.png,https://shopular.com/,httpx,html,0,25,reject,domain_mismatch|seen_25_pages,25
shopular.com,sephora-logo-inverse-1color-4548@4x.png,https://shopular.com/,httpx,html,0,25,reject,domain_mismatch|seen_25_pages,25
shopular.com,chewy-logo-inverse-1color-16788@4x-2.png,https://shopular.com/,httpx,html,0,25,reject,domain_mismatch|seen_25_pages,25
shopular.com,oldnavy-logo-inverse-1color-3726@4x.png,https://shopular.com/,httpx,html,0,25,reject,domain_mismatch|seen_25_pages,25
shopular.com,sofibanking-logo-inverse-1color-21991-022725@4x.png,https://shopular.com/,httpx,html,0,25,reject,domain_mismatch|seen_25_pages,25
shopular.com,kohls-logo-inverse-1color-7206@4x.png,https://shopular.com/,httpx,html,0,25,reject,domain_mismatch|seen_25_pages,25
shopular.com,groupon-logo-inverse-1color-10634@4x-2.png,https://shopular.com/,httpx,html,0,25,reject,domain_mismatch|seen_25_pages,25
shopular.com,lowes-logo-inverse-1color-10722@4x.png,https://shopular.com/,httpx,html,0,25,reject,domain_mismatch|seen_25_pages,25
shopular.com,dickssportinggoods-logo-inverse-1color-4227@4x-061223.png,https://shopular.com/,httpx,html,0,25,reject,domain_mismatch|seen_25_pages,25
shopular.com,petsmart-logo-inverse-1color-896@4x0921826.png,https://shopular.com/,httpx,html,0,25,reject,domain_mismatch|seen_25_pages,25
shopular.com,walgreens-logo-inverse-1color-10141@4x.png,https://shopular.com/,httpx,html,0,25,reject,domain_mismatch|seen_25_pages,25
shopular.com,samsclub-logo-inverse-1color-10086@4x.png,https://shopular.com/,httpx,html,0,25,reject,domain_mismatch|seen_25_pages,25
shopular.com,cvsdotcom-logo-inverse-1color-1316@4x.png,https://shopular.com/,httpx,html,0,25,reject,domain_mismatch|seen_25_pages,25
shopular.com,bloomingdales-logo-inverse-1color-9376@4x.png,https://shopular.com/,httpx,html,0,25,reject,domain_mismatch|seen_25_pages,25
shopular.com,ticketmaster-logo-inverse-1color-12662@4x.png,https://shopular.com/,httpx,html,0,25,reject,domain_mismatch|seen_25_pages,25
shopular.com,samsung-logo-inverse-1color-12109@4x.png,https://shopular.com/,httpx,html,0,25,reject,domain_mismatch|seen_25_pages,25
shopular.com,lego-logo-inverse-1color-9265@4x.png,https://shopular.com/,httpx,html,0,25,reject,domain_mismatch|seen_25_pages,25
shopular.com,instacart-logo-inverse-1color-19833@4x-2.png,https://shopular.com/,httpx,html,0,25,reject,domain_mismatch|seen_25_pages,25
shopular.com,staples-logo-inverse-1color-4986@4x.png,https://shopular.com/,httpx,html,0,25,reject,domain_mismatch|seen_25_pages,25
shopular.com,victoriassecret-logo-inverse-1color-9800@4x--72023-temp.png,https://shopular.com/,httpx,html,0,25,reject,domain_mismatch|seen_25_pages,25
shopular.com,ikea-logo-inverse-1color-13482-111425@4x.png,https://shopular.com/,httpx,html,0,25,reject,domain_mismatch|seen_25_pages,25
shopular.com,gap-logo-inverse-1color-3864@4x-3.png,https://shopular.com/,httpx,html,0,25,reject,domain_mismatch|seen_25_pages,25
shopular.com,turbotax-logo-inverse-1color-9477@4x-temp.png,https://shopular.com/,httpx,html,0,25,reject,domain_mismatch|seen_25_pages,25
shopular.com,ugg-logo-inverse-1color-8850@4x.png,https://shopular.com/,httpx,html,0,25,reject,domain_mismatch|seen_25_pages,25
shopular.com,americaneagleoufitters-logo-inverse-1color-8303@4x.png,https://shopular.com/,httpx,html,0,25,reject,domain_mismatch|seen_25_pages,25
shopular.com,shutterfly-logo-inverse-1color-3997@4x-032026.png,https://shopular.com/,httpx,html,0,25,reject,domain_mismatch|seen_25_pages,25
shopular.com,underarmour-logo-inverse-1color-9728@4x.png,https://shopular.com/,httpx,html,0,25,reject,domain_mismatch|seen_25_pages,25
shopular.com,nordvpn-logo-inverse-1color-15557@4x-070925.png,https://shopular.com/,httpx,html,0,25,reject,domain_mismatch|seen_25_pages,25
shopular.com,lululemon-logo-inverse-1color-13779@4x-090624.png,https://shopular.com/,httpx,html,0,25,reject,domain_mismatch|seen_25_pages,25
shopular.com,expedia-logo-inverse-1color-3930@4x-050123.png,https://shopular.com/,httpx,html,0,25,reject,domain_mismatch|seen_25_pages,25
shopular.com,bookingdotcom-logo-inverse-1color-11603@4x.png,https://shopular.com/,httpx,html,0,25,reject,domain_mismatch|seen_25_pages,25
shopular.com,adidas-logo-inverse-1color-5487-081324@4x.png,https://shopular.com/,httpx,html,0,25,reject,domain_mismatch|seen_25_pages,25
shopular.com,priceline-logo-inverse-1color-1576@4x.png,https://shopular.com/,httpx,html,0,25,reject,domain_mismatch|seen_25_pages,25
picplum.com,,,,,,0,reject,no_emails_found,0
freshplum.com,,,,,,0,reject,no_emails_found,0
clutch.io,support@clutch.io,https://clutch.io/pricing,httpx,mailto,1,98,high,domain_exact_match|mailto_link|high_value_prefix,1
clutch.io,you@company.com,https://clutch.io/partners,httpx,html,1,25,reject,domain_mismatch|seen_4_pages,4
clutch.io,info@saivory.com,https://clutch.io/partners/saivory,httpx,mailto,1,25,reject,domain_mismatch|mailto_link,1
clutch.io,info@propmatic.co,https://clutch.io/partners/propmatic,httpx,mailto,1,25,reject,domain_mismatch|mailto_link,1
clutch.io,infoeanderson@clickherelabs.com,https://clutch.io/partners/click-here-labs,httpx,mailto,1,25,reject,domain_mismatch|mailto_link,1
clutch.io,info@featurebase.app,https://docs.clutch.io/,httpx,html,1,15,reject,domain_mismatch,1
apollographql.com,legal@apollographql.com,https://www.apollographql.com/privacy-policy,httpx,mailto,1,90,high,domain_exact_match|mailto_link|legal_or_compliance_mailbox,1
apollographql.com,support@apollographql.com,https://www.apollographql.com/privacy-policy,httpx,html,1,88,high,domain_exact_match|high_value_prefix,1
hackerrank.com,support@hackerrank.com,https://hackerrank.com/about-us/terms-of-service,httpx,mailto,1,100,high,domain_exact_match|mailto_link|seen_2_pages|high_value_prefix,2
stypi.com,,,,,,0,reject,no_emails_found,0
genius.com,,,,,,0,reject,no_emails_found,0
onesignal.com,security@onesignal.com,https://onesignal.com/privacy,httpx,mailto,1,90,high,domain_exact_match|mailto_link|legal_or_compliance_mailbox,1
breaks.nu,,,,,,0,reject,no_emails_found,0
paperlinks.com,,,,,,0,reject,no_emails_found,0
aisle50.com,,,,,,0,reject,no_emails_found,0
debteye.com,support@lendedu.com,https://debteye.com/,httpx,jsonld,0,31,reject,domain_mismatch|jsonld_structured_data|high_value_prefix,1
proxino.com,,,,,,0,reject,no_emails_found,0
streak.com,privacy@streak.com,https://streak.com/privacy,httpx,mailto,1,90,high,domain_exact_match|mailto_link|legal_or_compliance_mailbox,1
streak.com,name@yourcompany.com,https://streak.com/sales-crm,httpx,html,1,15,reject,domain_mismatch,1
streak.com,name@gmail.com,https://streak.com/sales-crm,httpx,html,1,15,reject,domain_mismatch,1
streak.com,eduard@cravecafe.com,https://streak.com/sales-crm,httpx,html,1,15,reject,domain_mismatch,1
streak.com,lana@purepour.com,https://streak.com/sales-crm,httpx,html,1,15,reject,domain_mismatch,1
streak.com,drew@secondcup.com,https://streak.com/sales-crm,httpx,html,1,15,reject,domain_mismatch,1
streak.com,lori@thehive.com,https://streak.com/sales-crm,httpx,html,1,15,reject,domain_mismatch,1
streak.com,koray@embercafe.com,https://streak.com/sales-crm,httpx,html,1,15,reject,domain_mismatch,1
streak.com,brianna@sipsociety.com,https://streak.com/sales-crm,httpx,html,1,15,reject,domain_mismatch,1
streak.com,noah@brewhaven.com,https://streak.com/sales-crm,httpx,html,1,15,reject,domain_mismatch,1
scienceexchange.com,info@scienceexchange.com,https://www.scienceexchange.com/about,httpx,html,1,100,high,domain_exact_match|about_or_team_page|seen_24_pages,24
scienceexchange.com,privacy@scienceexchange.com,https://www.scienceexchange.com/privacy-policy,httpx,html,1,80,high,domain_exact_match|legal_or_compliance_mailbox,1
pingm.net,,,,,,0,reject,no_emails_found,0
quartzy.com,support@quartzy.com,https://quartzy.com/,httpx,mailto,0,100,high,domain_exact_match|mailto_link|seen_23_pages|high_value_prefix,23
quartzy.com,events@quartzy.com,https://labapalooza.quartzy.com/en/registration-form?utm_source=QuartzyHP,httpx,mailto,1,90,high,domain_exact_match|mailto_link,1
quartzy.com,info@quartzy.com,https://www.quartzy.com/privacy-policy,httpx,html,1,85,high,domain_exact_match|seen_2_pages,2
quartzy.com,orders@quartzy.com,https://www.quartzy.com/terms-of-service,httpx,html,1,80,high,domain_exact_match,1
quartzy.com,daywithdisa@disa.com,https://labapalooza.quartzy.com/en/registration-form?utm_source=QuartzyHP,httpx,mailto,1,25,reject,domain_mismatch|mailto_link,1
quartzy.com,emailid@vfairs.com,https://labapalooza.quartzy.com/en/registration-form?utm_source=QuartzyHP,httpx,html,1,15,reject,domain_mismatch,1
codecademy.com,press@codecademy.com,https://codecademy.com/about,httpx,cf_obfuscated,1,97,high,domain_exact_match|about_or_team_page|cf_obfuscated_decoded,1
cryptoseal.com,,,,,,0,reject,no_emails_found,0
segment.com,,,,,,0,reject,no_emails_found,0
citusdata.com,,,,,,0,reject,no_emails_found,0
agilemd.com,support@agilemd.com,https://agilemd.com/about/terms-of-service,httpx,html,1,100,high,domain_exact_match|about_or_team_page|seen_2_pages|high_value_prefix,2
agilemd.com,hello@agilemd.com,https://agilemd.com/about/privacy-policy,httpx,html,1,100,high,domain_exact_match|about_or_team_page|high_value_prefix,1
agilemd.com,legal@agilemd.com,https://agilemd.com/about/copyright-and-intellectual-property-policy,httpx,html,1,92,high,domain_exact_match|about_or_team_page|legal_or_compliance_mailbox,1
agilemd.com,security@agilemd.com,https://www.agilemd.com/security,httpx,mailto,1,90,high,domain_exact_match|mailto_link|legal_or_compliance_mailbox,1
agilemd.com,privacy@hubspot.com,https://agilemd.com/about/privacy-policy,httpx,html,1,27,reject,domain_mismatch|about_or_team_page|legal_or_compliance_mailbox,1
clerky.com,support@clerky.com,https://clerky.com/,httpx,mailto,0,100,high,domain_exact_match|mailto_link|seen_14_pages|high_value_prefix,14
clerky.com,legal@clerky.com,https://clerky.com/privacy,httpx,mailto,1,90,high,domain_exact_match|mailto_link|legal_or_compliance_mailbox,1
thequad.com,,,,,,0,reject,no_emails_found,0
dubjoy.com,,,,,,0,reject,no_emails_found,0
zenboxapp.com,,,,,,0,reject,no_emails_found,0
realm.io,,,,,,0,reject,no_emails_found,0
firebase.com,,,,,,0,reject,no_emails_found,0
gocardless.com,help@gocardless.com,https://gocardless.com/en-us/pricing/,httpx,html,1,80,high,domain_exact_match,1
pagelever.com,,,,,,0,reject,no_emails_found,0
marketbrief.com,,,,,,0,reject,no_emails_found,0
fobo.net,,,,,,0,reject,no_emails_found,0
sift.com,,,,,,0,reject,no_emails_found,0
verbling.com,support@verbling.com,https://verbling.com/privacy,httpx,cf_obfuscated,1,93,high,domain_exact_match|cf_obfuscated_decoded|high_value_prefix,1
verbling.com,demostudent@verbling.com,https://verbling.com/,httpx,html,0,90,high,domain_exact_match|seen_24_pages,24
verbling.com,demoteacher@verbling.com,https://verbling.com/,httpx,html,0,90,high,domain_exact_match|seen_24_pages,24
verbling.com,copyright@verbling.com,https://verbling.com/terms,httpx,cf_obfuscated,1,85,high,domain_exact_match|cf_obfuscated_decoded|legal_or_compliance_mailbox,1
letsembark.com,,,,,,0,reject,no_emails_found,0
leadgenius.com,support@leadgenius.com,https://leadgenius.com/legal/terms,httpx,jsonld,1,96,high,domain_exact_match|jsonld_structured_data|high_value_prefix,1
leadgenius.com,privacy@leadgenius.com,https://leadgenius.com/legal/privacy,httpx,jsonld,1,93,high,domain_exact_match|jsonld_structured_data|seen_2_pages|legal_or_compliance_mailbox,2
leadgenius.com,optout@leadgenius.com,https://leadgenius.com/legal/privacy,httpx,mailto,1,90,high,domain_exact_match|mailto_link,1
trycaviar.com,,,,,,0,reject,no_emails_found,0
interstateapp.com,,,,,,0,reject,no_emails_found,0
everyme.com,,,,,,0,reject,no_emails_found,0
opez.com,,,,,,0,reject,no_emails_found,0
mixrank.com,accounts@mixrank.com,https://mixrank.com/pricing?tab=mobile-apps-and-sdks,httpx,mailto,1,100,high,domain_exact_match|mailto_link|seen_5_pages,5
mixrank.com,support@mixrank.com,https://mixrank.com/terms/,httpx,html,1,93,high,domain_exact_match|seen_2_pages|high_value_prefix,2
mixrank.com,invalid@mixrank.com,https://mixrank.com/api/documentation,httpx,html,1,80,high,domain_exact_match,1
kicksend.com,support@printicular.com,https://kicksend.com/us/photo-printing-help/,httpx,mailto,1,33,reject,domain_mismatch|mailto_link|high_value_prefix,1
kicksend.com,support@autopilotprint.com,https://kicksend.com/us/photo-printing-help/,httpx,mailto,1,33,reject,domain_mismatch|mailto_link|high_value_prefix,1
videopixie.com,human@videopixie.com,https://videopixie.com/pricing,httpx,mailto,1,100,high,domain_exact_match|mailto_link|seen_8_pages,8
videopixie.com,sales@dominoproduction.am,https://videopixie.com/video-animators,httpx,html,1,23,reject,domain_mismatch|high_value_prefix,1
videopixie.com,contact@wearearis.com,https://videopixie.com/video-editors,httpx,html,1,23,reject,domain_mismatch|high_value_prefix,1
askolo.com,,,,,,0,reject,no_emails_found,0
launchpadtoys.com,,,,,,0,reject,no_emails_found,0
imgix.com,support@imgix.com,https://imgix.com/contact,httpx,mailto,1,100,high,domain_exact_match|contact_page|mailto_link|seen_5_pages|high_value_prefix,5
imgix.com,partnerships@imgix.com,https://imgix.com/contact,httpx,mailto,1,100,high,domain_exact_match|contact_page|mailto_link|seen_7_pages|high_value_prefix,7
imgix.com,press@imgix.com,https://imgix.com/contact,httpx,mailto,1,100,high,domain_exact_match|contact_page|mailto_link,1
imgix.com,privacy@imgix.com,https://imgix.com/privacy,httpx,mailto,1,90,high,domain_exact_match|mailto_link|legal_or_compliance_mailbox,1
mongohq.com,,,,,,0,reject,no_emails_found,0
ansibletechnologies.com,,,,,,0,reject,no_emails_found,0
vidyard.com,,,,,,0,reject,no_emails_found,0
leaky.com,,,,,,0,reject,no_emails_found,0
ridejoy.com,support@ridejoy.com,https://ridejoy.com/privacy.php,httpx,html,1,88,high,domain_exact_match|high_value_prefix,1
ridejoy.com,info@ridejoy.com,https://ridejoy.com/privacy.php,httpx,html,1,85,high,domain_exact_match|seen_2_pages,2
tapengage.com,hello@subsplash.com,https://tapengage.com/company,httpx,mailto,1,55,low,domain_mismatch|about_or_team_page|mailto_link|seen_25_pages|high_value_prefix,25
snapjoy.com,,,,,,0,reject,no_emails_found,0
perfectaudience.com,,,,,,0,reject,no_emails_found,0
rentobo.com,,,,,,0,reject,no_emails_found,0
draftin.com,,,,,,0,reject,no_emails_found,0
parse.com,,,,,,0,reject,no_emails_found,0
zeusliving.com,,,,,,0,reject,no_emails_found,0
userfox.com,,,,,,0,reject,no_emails_found,0
automatic.com,privacypolicyupdates@automattic.com,https://automatic.com/about/,httpx,html,1,37,reject,domain_mismatch|about_or_team_page|seen_6_pages|legal_or_compliance_mailbox,6
hungrylabs.com,,,,,,0,reject,no_emails_found,0
inporia.com,,,,,,0,reject,no_emails_found,0
upverter.com,,,,,,0,reject,no_emails_found,0
singlestore.com,team@singlestore.com,https://singlestore.com/contact/,httpx,mailto,1,100,high,domain_exact_match|contact_page|mailto_link|seen_9_pages|high_value_prefix,9
singlestore.com,dpo@singlestore.com,https://singlestore.com/privacy-notice/,httpx,mailto,1,90,high,domain_exact_match|mailto_link,1
singlestore.com,legal@singlestore.com,https://singlestore.com/terms/,httpx,mailto,1,90,high,domain_exact_match|mailto_link|legal_or_compliance_mailbox,1
beetailer.com,,,,,,0,reject,no_emails_found,0
tellfi.com,,,,,,0,reject,no_emails_found,0
talkable.com,support@talkable.com,https://talkable.com/privacy,httpx,html,1,88,high,domain_exact_match|high_value_prefix,1
talkable.com,security@talkable.com,https://talkable.com/privacy,httpx,html,1,80,high,domain_exact_match|legal_or_compliance_mailbox,1
fitfu.com,,,,,,0,reject,no_emails_found,0
appharbor.com,support@appharbor.com,https://appharbor.com/,httpx,cf_obfuscated,0,100,high,domain_exact_match|cf_obfuscated_decoded|seen_19_pages|high_value_prefix,19
tumult.com,,,,,,0,reject,no_emails_found,0
earbits.com,,,,,,0,reject,no_emails_found,0
acunote.com,support@acunote.com,https://acunote.com/privacy,httpx,mailto,1,98,high,domain_exact_match|mailto_link|high_value_prefix,1
sendoid.com,,,,,,0,reject,no_emails_found,0
hellosign.com,arbitrationoptout@hellosign.com,https://hellosign.com/about/terms,httpx,html,1,92,high,domain_exact_match|about_or_team_page,1
hellosign.com,contractnotices@dropbox.com,https://hellosign.com/about/terms,httpx,mailto,1,37,reject,domain_mismatch|about_or_team_page|mailto_link,1
hellosign.com,privacy@dropbox.com,https://hellosign.com/about/privacy,httpx,mailto,1,37,reject,domain_mismatch|about_or_team_page|mailto_link|legal_or_compliance_mailbox,1
instapainting.com,support@instapainting.com,https://instapainting.com/,httpx,mailto,0,100,high,domain_exact_match|mailto_link|seen_25_pages|high_value_prefix,25
instapainting.com,no-reply@instapainting.com,https://instapainting.com/gallery/featured/colored-pencil,httpx,html,1,75,medium,domain_exact_match|seen_8_pages|junk_mailbox_prefix,8
instapainting.com,jcbeeman93@msn.com,https://instapainting.com/gallery/pet-portraits,httpx,html,1,20,reject,domain_mismatch|seen_2_pages,2
instapainting.com,friedmanjay1952@gmail.com,https://instapainting.com/gallery/change-things,httpx,html,1,20,reject,domain_mismatch|seen_2_pages,2
instapainting.com,katquilt2003@yahoo.com,https://instapainting.com/gallery/featured/pencil,httpx,html,1,15,reject,domain_mismatch,1
yougotlistings.com,info@yougotlistings.com,https://yougotlistings.com/,httpx,mailto,0,100,high,domain_exact_match|mailto_link|seen_6_pages,6
yougotlistings.com,support@yougotlistings.com,https://www.yougotlistings.com/pricing,httpx,html,1,88,high,domain_exact_match|high_value_prefix,1
yougotlistings.com,legal@yougotlistings.com,https://www.yougotlistings.com/privacy-policy,httpx,html,1,85,high,domain_exact_match|seen_2_pages|legal_or_compliance_mailbox,2
moki.tv,,,,,,0,reject,no_emails_found,0
tremendous.com,clients@tremendous.com,https://tremendous.com/terms/,httpx,mailto,1,95,high,domain_exact_match|mailto_link|seen_2_pages,2
tremendous.com,help@tremendous.com,https://tremendous.com/privacy/,httpx,mailto,1,90,high,domain_exact_match|mailto_link,1
tremendous.com,developers@tremendous.com,https://tremendous.com/gift-card-api/,httpx,mailto,1,90,high,domain_exact_match|mailto_link,1
custora.com,,,,,,0,reject,no_emails_found,0
comprehend.com,,,,,,0,reject,no_emails_found,0
humble.com,privacy@humblebundle.com,https://humble.com/privacy,httpx,mailto,1,25,reject,domain_mismatch|mailto_link|legal_or_compliance_mailbox,1
humble.com,dpo@ziffdavis.com,https://humble.com/privacy,httpx,mailto,1,25,reject,domain_mismatch|mailto_link,1
humble.com,zdlegal1@ziffdavis.com,https://humble.com/terms,httpx,mailto,1,25,reject,domain_mismatch|mailto_link,1
humble.com,dispute.notice@ziffdavis.com,https://humble.com/terms,httpx,html,1,15,reject,domain_mismatch,1
getpebble.com,,,,,,0,reject,no_emails_found,0
hyperinkpress.com,,,,,,0,reject,no_emails_found,0
insightdatascience.com,,,,,,0,reject,no_emails_found,0
convore.com,,,,,,0,reject,no_emails_found,0
flotype.com,,,,,,0,reject,no_emails_found,0
fivestars.com,,,,,,0,reject,no_emails_found,0
apportable.com,,,,,,0,reject,no_emails_found,0
close.com,support@close.com,https://close.com/,httpx,jsonld,0,100,high,domain_exact_match|jsonld_structured_data|seen_4_pages|high_value_prefix,4
balancedpayments.com,,,,,,0,reject,no_emails_found,0
mailgun.net,,,,,,0,reject,no_emails_found,0
tutorspree.com,,,,,,0,reject,no_emails_found,0
minomonsters.com,,,,,,0,reject,no_emails_found,0
lanyrd.com,,,,,,0,reject,no_emails_found,0
fidoosh.com,,,,,,0,reject,no_emails_found,0
siasto.com,,,,,,0,reject,no_emails_found,0
goatgroup.com,,,,,,0,reject,no_emails_found,0
crunchbase.com,support@crunchbase.com,https://crunchbase.com/,httpx,jsonld,0,100,high,domain_exact_match|jsonld_structured_data|seen_3_pages|high_value_prefix,3
crunchbase.com,partnerships@crunchbase.com,https://about.crunchbase.com/about-us/contact-us,httpx,mailto,1,98,high,domain_exact_match|mailto_link|high_value_prefix,1
crunchbase.com,policy@crunchbase.com,https://about.crunchbase.com/terms-of-service/privacy-policy/,httpx,mailto,1,95,high,domain_exact_match|mailto_link|seen_2_pages,2
crunchbase.com,press@crunchbase.com,https://about.crunchbase.com/about-us/contact-us,httpx,mailto,1,90,high,domain_exact_match|mailto_link,1
crunchbase.com,privacy@crunchbase.com,https://about.crunchbase.com/terms-of-service/privacy-policy/,httpx,jsonld,1,88,high,domain_exact_match|jsonld_structured_data|legal_or_compliance_mailbox,1
drchrono.com,,,,,,0,reject,no_emails_found,0
storyworth.com,hello@storyworth.com,https://welcome.storyworth.com/contact,httpx,mailto,1,100,high,domain_exact_match|contact_page|mailto_link|seen_6_pages|high_value_prefix,6
storyworth.com,legal@storyworth.com,https://storyworth.com/legal/terms,httpx,mailto,1,90,high,domain_exact_match|mailto_link|legal_or_compliance_mailbox,1
storyworth.com,bd28103d165f4412845b917a52d73157@app.getsentry.com,https://storyworth.com/legal/privacy-policy,httpx,html,1,25,reject,domain_mismatch|seen_5_pages,5
talkbin.com,,,,,,0,reject,no_emails_found,0
venuetastic.com,,,,,,0,reject,no_emails_found,0
simplylisted.com,,,,,,0,reject,no_emails_found,0
chartio.com,privacy@chartio.com,https://chartio.com/about/legal/privacy/,httpx,mailto,1,100,high,domain_exact_match|about_or_team_page|mailto_link|legal_or_compliance_mailbox,1
chartio.com,support@chartio.com,https://chartio.com/docs/migration-guide,httpx,mailto,1,98,high,domain_exact_match|mailto_link|high_value_prefix,1
chartio.com,accounts@chartio.com,https://chartio.com/docs/migration-guide,httpx,mailto,1,90,high,domain_exact_match|mailto_link,1
presto.com,mktg@presto.com,https://presto.com/dairy-queen-partners-with-presto-on-voice-ai/,httpx,mailto,1,95,high,domain_exact_match|mailto_link|seen_2_pages,2
presto.com,support@presto.com,https://presto.com/terms-of-use/,httpx,cf_obfuscated,1,93,high,domain_exact_match|cf_obfuscated_decoded|high_value_prefix,1
presto.com,privacy@presto.com,https://presto.com/privacy-policy/,httpx,cf_obfuscated,1,85,high,domain_exact_match|cf_obfuscated_decoded|legal_or_compliance_mailbox,1
presto.com,investor@presto.com,https://presto.com/presto-announces-nationwide-expansion/,httpx,cf_obfuscated,1,85,high,domain_exact_match|cf_obfuscated_decoded,1
presto.com,prestopr@icrinc.com,https://presto.com/presto-announces-nationwide-expansion/,httpx,cf_obfuscated,1,20,reject,domain_mismatch|cf_obfuscated_decoded,1
presto.com,news@idq.com,https://presto.com/dairy-queen-partners-with-presto-on-voice-ai/,httpx,cf_obfuscated,1,20,reject,domain_mismatch|cf_obfuscated_decoded,1
hipmunk.com,,,,,,0,reject,no_emails_found,0
teevox.com,,,,,,0,reject,no_emails_found,0
rapportive.com,,,,,,0,reject,no_emails_found,0
recurse.com,ops@recurse.com,https://recurse.com/manual,httpx,mailto,1,90,high,domain_exact_match|mailto_link,1
recurse.com,admissions@recurse.com,https://recurse.com/apply,httpx,mailto,1,90,high,domain_exact_match|mailto_link,1
simperium.com,help@simperium.com,https://simperium.com/contact/,httpx,mailto,1,100,high,domain_exact_match|contact_page|mailto_link|seen_4_pages,4
simperium.com,contact@simperium.com,https://simperium.com/contact/,httpx,mailto,1,100,high,domain_exact_match|contact_page|mailto_link|seen_3_pages|high_value_prefix,3
aerofs.com,,,,,,0,reject,no_emails_found,0
chirply.com,,,,,,0,reject,no_emails_found,0
habitlabs.com,,,,,,0,reject,no_emails_found,0
padmapper.com,feedback@padmapper.com,https://padmapper.com/,httpx,mailto,0,100,high,domain_exact_match|mailto_link|seen_25_pages,25
padmapper.com,ac867fe6213f4982880f693532872fdc@sentryv2.zumper.com,https://padmapper.com/about,httpx,html,1,37,reject,domain_mismatch|about_or_team_page|seen_25_pages,25
padmapper.com,189538661f12424c1459e048c39cf7e5@sentryv2.zumper.com,https://padmapper.com/about,httpx,html,1,37,reject,domain_mismatch|about_or_team_page|seen_25_pages,25
demandsphere.com,hello@demandsphere.com,https://demandsphere.com/contact/,httpx,cf_obfuscated,1,100,high,domain_exact_match|contact_page|cf_obfuscated_decoded|seen_2_pages|high_value_prefix,2
demandsphere.com,support@demandsphere.com,https://demandsphere.com/contact/,httpx,cf_obfuscated,1,100,high,domain_exact_match|contact_page|cf_obfuscated_decoded|high_value_prefix,1
demandsphere.com,security@demandsphere.com,https://demandsphere.com/contact/,httpx,cf_obfuscated,1,100,high,domain_exact_match|contact_page|cf_obfuscated_decoded|legal_or_compliance_mailbox,1
anylist.com,team@anylist.com,https://anylist.com/contact,httpx,mailto,1,100,high,domain_exact_match|contact_page|mailto_link|high_value_prefix,1
brushesapp.com,,,,,,0,reject,no_emails_found,0
gantto.com,,,,,,0,reject,no_emails_found,0
homejoy.com,,,,,,0,reject,no_emails_found,0
ancestry.com,,,,,,0,reject,no_emails_found,0
gazehawk.com,team@gazehawk.com,https://gazehawk.com/,httpx,mailto,0,100,high,domain_exact_match|mailto_link|seen_3_pages|high_value_prefix,3
gazehawk.com,support@gazehawk.com,https://gazehawk.com/contact/,httpx,mailto,1,100,high,domain_exact_match|contact_page|mailto_link|high_value_prefix,1
gazehawk.com,jobs@gazehawk.com,https://gazehawk.com/jobs/,httpx,mailto,1,90,high,domain_exact_match|mailto_link,1
leftronic.com,,,,,,0,reject,no_emails_found,0
upbeatpr.com,,,,,,0,reject,no_emails_found,0
opzi.com,,,,,,0,reject,no_emails_found,0
futureadvisor.com,,,,,,0,reject,no_emails_found,0
docker.com,,,,,,0,reject,no_emails_found,0
post.fm,,,,,,0,reject,no_emails_found,0
indinero.com,info@indinero.com,https://www.indinero.com/about/,httpx,html,1,97,high,domain_exact_match|about_or_team_page|seen_2_pages,2
indinero.com,marketing@indinero.com,https://www.indinero.com/privacy-policy/,httpx,html,1,85,high,domain_exact_match|seen_2_pages,2
indinero.com,legal@indinero.com,https://www.indinero.com/privacy-policy/,httpx,html,1,80,high,domain_exact_match|legal_or_compliance_mailbox,1
orkflowy.com,,,,,,0,reject,no_emails_found,0
pagerduty.com,support@pagerduty.com,https://pagerduty.com/support/,httpx,mailto,1,100,high,domain_exact_match|mailto_link|seen_2_pages|high_value_prefix,2
pagerduty.com,sales@pagerduty.com,https://pagerduty.com/contact-us/,httpx,mailto,1,98,high,domain_exact_match|mailto_link|high_value_prefix,1
pagerduty.com,privacy@pagerduty.com,https://pagerduty.com/privacy-policy/,httpx,mailto,1,90,high,domain_exact_match|mailto_link|legal_or_compliance_mailbox,1
pagerduty.com,contact@gdprlocal.com,https://pagerduty.com/privacy-policy/,httpx,mailto,1,33,reject,domain_mismatch|mailto_link|high_value_prefix,1
pagerduty.com,statuspage@2x-blue.png,https://pagerduty.com/integrations/,httpx,html,1,15,reject,domain_mismatch,1
pagerduty.com,customerlogo-microsoft-azure-200-x-100@3x-e1628026193237.png,https://pagerduty.com/integrations/,httpx,html,1,15,reject,domain_mismatch,1
pagerduty.com,range-logo-icon-square-light@vector.svg,https://pagerduty.com/integrations/,httpx,html,1,15,reject,domain_mismatch,1
pagerduty.com,300x300@1x.png,https://pagerduty.com/integrations/,httpx,html,1,15,reject,domain_mismatch,1
pagerduty.com,hf-logo@400x400.png,https://pagerduty.com/integrations/,httpx,html,1,15,reject,domain_mismatch,1
pagerduty.com,bitbucket@2x-blue.png,https://pagerduty.com/integrations/,httpx,html,1,15,reject,domain_mismatch,1
readyforzero.com,,,,,,0,reject,no_emails_found,0
messageparty.com,,,,,,0,reject,no_emails_found,0
fanvibe.com,hello@fanvibe.com,https://fanvibe.com/,httpx,jsonld,0,96,high,domain_exact_match|jsonld_structured_data|high_value_prefix,1
frid.ge,,,,,,0,reject,no_emails_found,0
tapzilla.com,hi@thenameguy.com,https://tapzilla.com/,httpx,html,0,23,reject,domain_mismatch|high_value_prefix,1
hereoscope.com,,,,,,0,reject,no_emails_found,0
adgrok.com,,,,,,0,reject,no_emails_found,0
pribbit.com,,,,,,0,reject,no_emails_found,0
koduco.com,,,,,,0,reject,no_emails_found,0
mertado.com,,,,,,0,reject,no_emails_found,0
500friends.com,,,,,,0,reject,no_emails_found,0
140fire.com,,,,,,0,reject,no_emails_found,0
crocodoc.com,,,,,,0,reject,no_emails_found,0
meetings.io,,,,,,0,reject,no_emails_found,0
fabricly.com,founders@fabricly.com,https://fabricly.com/,httpx,cf_obfuscated,0,93,high,domain_exact_match|cf_obfuscated_decoded|high_value_prefix,1
embed.ly,support@embed.ly,http://status.embed.ly,httpx,mailto,1,98,high,domain_exact_match|mailto_link|high_value_prefix,1
embed.ly,customerservice@embed.ly,https://embed.ly/legal/customer,httpx,cf_obfuscated,1,85,high,domain_exact_match|cf_obfuscated_decoded,1
creativemarket.com,,,,,,0,reject,no_emails_found,0
nowmov.com,,,,,,0,reject,no_emails_found,0
optimizely.com,,,,,,0,reject,no_emails_found,0
alexkrupp.com,alex.krupp@gmail.com,https://alexkrupp.com/,httpx,mailto,0,25,reject,domain_mismatch|mailto_link,1
zencoder.com,,,,,,0,reject,no_emails_found,0
cueup.com,,,,,,0,reject,no_emails_found,0
answerly.com,,,,,,0,reject,no_emails_found,0
ownlocal.com,,,,,,0,reject,no_emails_found,0
zenedy.com,,,,,,0,reject,no_emails_found,0
gamador.com,,,,,,0,reject,no_emails_found,0
fithub.com,,,,,,0,reject,no_emails_found,0
cardpool.com,,,,,,0,reject,no_emails_found,0
movity.com,,,,,,0,reject,no_emails_found,0
etacts.com,support@etacts.com,https://etacts.com/,httpx,cf_obfuscated,0,100,high,domain_exact_match|cf_obfuscated_decoded|seen_6_pages|high_value_prefix,6
etacts.com,press@etacts.com,https://etacts.com/about/,httpx,cf_obfuscated,1,97,high,domain_exact_match|about_or_team_page|cf_obfuscated_decoded,1
datamarketplace.com,,,,,,0,reject,no_emails_found,0
newslabs.com,,,,,,0,reject,no_emails_found,0
newcope.com,,,,,,0,reject,no_emails_found,0
infoharmoni.com,,,,,,0,reject,no_emails_found,0
notifo.com,,,,,,0,reject,no_emails_found,0
listia.com,pr@listia.com,https://listia.com/press,httpx,mailto,1,90,high,domain_exact_match|mailto_link,1
stripe.com,sales@stripe.com,https://stripe.com/contact/sales,httpx,mailto,1,100,high,domain_exact_match|contact_page|mailto_link|high_value_prefix,1
stripe.com,dpo@stripe.com,https://stripe.com/privacy,httpx,mailto,1,90,high,domain_exact_match|mailto_link,1
stripe.com,privacy@stripe.com,https://stripe.com/privacy,httpx,mailto,1,90,high,domain_exact_match|mailto_link|legal_or_compliance_mailbox,1
stripe.com,complaints-in@stripe.com,https://stripe.com/privacy,httpx,mailto,1,90,high,domain_exact_match|mailto_link,1
stripe.com,jane.diaz@stripe.com,https://stripe.com/,httpx,html,0,80,high,domain_exact_match,1
stripe.com,055fe25f361b4333b9ab8f7fa5904bdc@errors.stripe.com,https://dashboard.stripe.com/register,httpx,html,1,70,medium,subdomain_match,1
stripe.com,f34eb4d46088416ba26b1e118e992a30@errors.stripe.com,https://dashboard.stripe.com/register,httpx,html,1,70,medium,subdomain_match,1
stripe.com,d0ddf36aa5f04a4a8239b56280da7517@errors.stripe.com,https://dashboard.stripe.com/register,httpx,html,1,70,medium,subdomain_match,1
stripe.com,467ec12a20ca4821a0b79a230a98d7d1@errors.stripe.com,https://dashboard.stripe.com/register,httpx,html,1,70,medium,subdomain_match,1
stripe.com,0c0602c7c032430a8ac6c219ce642c81@errors.stripe.com,https://dashboard.stripe.com/register,httpx,html,1,70,medium,subdomain_match,1
stripe.com,e8205334b22944a8a30b339d219b325c@errors.stripe.com,https://dashboard.stripe.com/register,httpx,html,1,70,medium,subdomain_match,1
stripe.com,4f0828f3c75c49c3ba20e493e30dc539@errors.stripe.com,https://dashboard.stripe.com/register,httpx,html,1,70,medium,subdomain_match,1
stripe.com,e0cad97696704d51bf173a88ebc06cc4@errors.stripe.com,https://dashboard.stripe.com/register,httpx,html,1,70,medium,subdomain_match,1
stripe.com,292ea7992b0f4e4db2abd96280207489@errors.stripe.com,https://dashboard.stripe.com/register,httpx,html,1,70,medium,subdomain_match,1
stripe.com,ed68af4cb70541eda554e01372542a06@errors.stripe.com,https://dashboard.stripe.com/register,httpx,html,1,70,medium,subdomain_match,1
stripe.com,d43908be97e348019a089641caf9323d@errors.stripe.com,https://dashboard.stripe.com/register,httpx,html,1,70,medium,subdomain_match,1
stripe.com,72ef0551777a4c198296f6921ef9eff2@errors.stripe.com,https://dashboard.stripe.com/register,httpx,html,1,70,medium,subdomain_match,1
stripe.com,b02cea7c52b546619ad94f0277a1aa3b@errors.stripe.com,https://dashboard.stripe.com/register,httpx,html,1,70,medium,subdomain_match,1
stripe.com,f8f606e2c5574474a3b48d5f79606a6c@errors.stripe.com,https://dashboard.stripe.com/register,httpx,html,1,70,medium,subdomain_match,1
stripe.com,ce6fba07eeaa4bdd99ffd52dc96de8b6@errors.stripe.com,https://dashboard.stripe.com/register,httpx,html,1,70,medium,subdomain_match,1
stripe.com,6a83f8fe246645568d6a1a9959237180@errors.stripe.com,https://dashboard.stripe.com/register,httpx,html,1,70,medium,subdomain_match,1
stripe.com,8ba096e6fcba475f87ce34e26c13fb42@errors.stripe.com,https://dashboard.stripe.com/register,httpx,html,1,70,medium,subdomain_match,1
stripe.com,0413044039f446ed806d8c6805dbbd83@errors.stripe.com,https://dashboard.stripe.com/register,httpx,html,1,70,medium,subdomain_match,1
stripe.com,f1251a25a7804408b84cab9c4471e9f4@errors.stripe.com,https://dashboard.stripe.com/register,httpx,html,1,70,medium,subdomain_match,1
stripe.com,48d1f34146b8486baa45036e9ae97833@errors.stripe.com,https://dashboard.stripe.com/register,httpx,html,1,70,medium,subdomain_match,1
stripe.com,4a42fe65859e44fd88c51d770bdbf890@errors.stripe.com,https://dashboard.stripe.com/register,httpx,html,1,70,medium,subdomain_match,1
stripe.com,06beee11ef2a491eb9493f5f3adc0864@errors.stripe.com,https://dashboard.stripe.com/register,httpx,html,1,70,medium,subdomain_match,1
stripe.com,a5f5fc46665e4e3b93459bc24d178b5c@errors.stripe.com,https://dashboard.stripe.com/register,httpx,html,1,70,medium,subdomain_match,1
stripe.com,f9f005d142aa4b8181bb59d1776d43d6@errors.stripe.com,https://dashboard.stripe.com/register,httpx,html,1,70,medium,subdomain_match,1
stripe.com,6d36f2f4c65546d6ad4d59ba5849fd0e@errors.stripe.com,https://dashboard.stripe.com/register,httpx,html,1,70,medium,subdomain_match,1
stripe.com,2362a893aac44c8b855f112202d82719@errors.stripe.com,https://dashboard.stripe.com/register,httpx,html,1,70,medium,subdomain_match,1
stripe.com,75736211a6184d1d86fc87ca0c110cb7@errors.stripe.com,https://dashboard.stripe.com/register,httpx,html,1,70,medium,subdomain_match,1
stripe.com,77ad122408214fa8ae52583c024812cd@errors.stripe.com,https://dashboard.stripe.com/register,httpx,html,1,70,medium,subdomain_match,1
stripe.com,cb6868a2387b4cba82027fd8d7a2fd6e@errors.stripe.com,https://dashboard.stripe.com/register,httpx,html,1,70,medium,subdomain_match,1
stripe.com,2446df54151241b7a9ffa6981cd6727a@errors.stripe.com,https://dashboard.stripe.com/register,httpx,html,1,70,medium,subdomain_match,1
stripe.com,bcdde4161bb0480ca35fb3ce32ebc44d@errors.stripe.com,https://dashboard.stripe.com/register,httpx,html,1,70,medium,subdomain_match,1
stripe.com,697351a0d35c4bebbdded2463f4972b3@errors.stripe.com,https://dashboard.stripe.com/register,httpx,html,1,70,medium,subdomain_match,1
stripe.com,8a383663cbb14f4cbea442480771fcd3@errors.stripe.com,https://dashboard.stripe.com/register,httpx,html,1,70,medium,subdomain_match,1
stripe.com,9dc3edb17ac340ceb4ac348d852010b7@errors.stripe.com,https://dashboard.stripe.com/register,httpx,html,1,70,medium,subdomain_match,1
stripe.com,3bba14d8585c4c878a7eee87cd2e6213@errors.stripe.com,https://dashboard.stripe.com/register,httpx,html,1,70,medium,subdomain_match,1
stripe.com,d80c16c3b59744e292e05ecf82e8d14f@errors.stripe.com,https://dashboard.stripe.com/register,httpx,html,1,70,medium,subdomain_match,1
stripe.com,2abb0d67541e407a9139071ba5d08d97@errors.stripe.com,https://dashboard.stripe.com/register,httpx,html,1,70,medium,subdomain_match,1
stripe.com,59669e925e5647639a055af0f4683e28@errors.stripe.com,https://dashboard.stripe.com/register,httpx,html,1,70,medium,subdomain_match,1
stripe.com,bc3aad91bcae485db6309ae7cc79c213@errors.stripe.com,https://dashboard.stripe.com/register,httpx,html,1,70,medium,subdomain_match,1
stripe.com,aa9a1009979a485a83908dc4eb913d60@errors.stripe.com,https://dashboard.stripe.com/register,httpx,html,1,70,medium,subdomain_match,1
stripe.com,37df1488a14449b6b5dc2d19c08c3f84@errors.stripe.com,https://dashboard.stripe.com/register,httpx,html,1,70,medium,subdomain_match,1
stripe.com,55f46479a5294df49627a0e0373f09ce@errors.stripe.com,https://dashboard.stripe.com/register,httpx,html,1,70,medium,subdomain_match,1
stripe.com,2c9d67d04892426ab2c02b9958953e15@errors.stripe.com,https://dashboard.stripe.com/register,httpx,html,1,70,medium,subdomain_match,1
stripe.com,f1cffe9e27a04b98b955f785405a3d0e@errors.stripe.com,https://dashboard.stripe.com/register,httpx,html,1,70,medium,subdomain_match,1
stripe.com,a2938ee3b49d4ef491e2667649f71fb2@errors.stripe.com,https://dashboard.stripe.com/register,httpx,html,1,70,medium,subdomain_match,1
stripe.com,58f4a9bf85334534be4f9ffd9ffb3058@errors.stripe.com,https://dashboard.stripe.com/register,httpx,html,1,70,medium,subdomain_match,1
stripe.com,4524d2f985d04f3494474dd97d73b357@errors.stripe.com,https://dashboard.stripe.com/register,httpx,html,1,70,medium,subdomain_match,1
stripe.com,06f1399ed72447cda4e24b1dfa25e30b@errors.stripe.com,https://dashboard.stripe.com/register,httpx,html,1,70,medium,subdomain_match,1
stripe.com,0585ae59642e40b18f4837fbd599d59d@errors.stripe.com,https://dashboard.stripe.com/register,httpx,html,1,70,medium,subdomain_match,1
stripe.com,115e014aabeb4bd08f75e116dcb49cac@errors.stripe.com,https://dashboard.stripe.com/register,httpx,html,1,70,medium,subdomain_match,1
stripe.com,61970ebf995c4bf1adf2713c73ca80f5@errors.stripe.com,https://dashboard.stripe.com/register,httpx,html,1,70,medium,subdomain_match,1
stripe.com,051ef4a8994d4b57ae3ca07bd9502949@errors.stripe.com,https://dashboard.stripe.com/register,httpx,html,1,70,medium,subdomain_match,1
stripe.com,268af72cd2b7470b8ab0b8df4ea1a6a8@errors.stripe.com,https://dashboard.stripe.com/register,httpx,html,1,70,medium,subdomain_match,1
stripe.com,312cff6f42cc415084b6155275b111ca@errors.stripe.com,https://dashboard.stripe.com/register,httpx,html,1,70,medium,subdomain_match,1
stripe.com,3a5349dadaaa4fe99e95a06c9f83d220@errors.stripe.com,https://dashboard.stripe.com/register,httpx,html,1,70,medium,subdomain_match,1
stripe.com,62f6209bbf6a42529d5760a03768ab52@errors.stripe.com,https://dashboard.stripe.com/register,httpx,html,1,70,medium,subdomain_match,1
stripe.com,3f4d4c3ae4cc4d08a66dc1acf56df9ee@errors.stripe.com,https://dashboard.stripe.com/register,httpx,html,1,70,medium,subdomain_match,1
stripe.com,7d3b8cb641464b3fb1d8fe5fc05c986a@errors.stripe.com,https://dashboard.stripe.com/register,httpx,html,1,70,medium,subdomain_match,1
stripe.com,b2a8696791f64f51a15d6351cfcaf695@errors.stripe.com,https://dashboard.stripe.com/register,httpx,html,1,70,medium,subdomain_match,1
stripe.com,6a9b51946de84c52b5c0c5ad058230a3@errors.stripe.com,https://dashboard.stripe.com/register,httpx,html,1,70,medium,subdomain_match,1
stripe.com,d274b27791c144b9aee2825c649e5c04@errors.stripe.com,https://dashboard.stripe.com/register,httpx,html,1,70,medium,subdomain_match,1
stripe.com,275a47d76fea4f37a420e42af28e339e@errors.stripe.com,https://dashboard.stripe.com/register,httpx,html,1,70,medium,subdomain_match,1
stripe.com,17fb6d66b1cd4e63ac5f52302c85ba22@errors.stripe.com,https://dashboard.stripe.com/register,httpx,html,1,70,medium,subdomain_match,1
stripe.com,a56ebcfd808c4f6d9aaea385ba2329d5@errors.stripe.com,https://dashboard.stripe.com/register,httpx,html,1,70,medium,subdomain_match,1
stripe.com,b4af3e18e0324be4b5ca09c7e90515aa@errors.stripe.com,https://dashboard.stripe.com/register,httpx,html,1,70,medium,subdomain_match,1
stripe.com,6ee647ad35e840288a2cd0dee069b97b@errors.stripe.com,https://dashboard.stripe.com/register,httpx,html,1,70,medium,subdomain_match,1
stripe.com,0e25daa15073433290085f8468b20022@errors.stripe.com,https://dashboard.stripe.com/register,httpx,html,1,70,medium,subdomain_match,1
stripe.com,dfe7675d4fde4000bbb0801068db1457@errors.stripe.com,https://dashboard.stripe.com/register,httpx,html,1,70,medium,subdomain_match,1
stripe.com,6edd1269d8e74101b2f81076d39dc2f4@errors.stripe.com,https://dashboard.stripe.com/register,httpx,html,1,70,medium,subdomain_match,1
stripe.com,40a30b4473ea43509b61eda0024fd8a2@errors.stripe.com,https://dashboard.stripe.com/register,httpx,html,1,70,medium,subdomain_match,1
stripe.com,8689bb45e49a4f868c2bcad8c79f0ce5@errors.stripe.com,https://dashboard.stripe.com/register,httpx,html,1,70,medium,subdomain_match,1
stripe.com,e9ad572192a14695a061ea0338701517@errors.stripe.com,https://dashboard.stripe.com/register,httpx,html,1,70,medium,subdomain_match,1
stripe.com,63534f2b559b444b96a93e72b6d627c1@errors.stripe.com,https://dashboard.stripe.com/register,httpx,html,1,70,medium,subdomain_match,1
stripe.com,cb545301a4d3498b966aef456590624a@errors.stripe.com,https://dashboard.stripe.com/register,httpx,html,1,70,medium,subdomain_match,1
stripe.com,71ed6b228a4143328f923dc00451a08e@errors.stripe.com,https://dashboard.stripe.com/register,httpx,html,1,70,medium,subdomain_match,1
stripe.com,d68275d787364f979c3eafd63dba119f@errors.stripe.com,https://dashboard.stripe.com/register,httpx,html,1,70,medium,subdomain_match,1
stripe.com,9917ec36ea664489861a92a7c61e2757@errors.stripe.com,https://dashboard.stripe.com/register,httpx,html,1,70,medium,subdomain_match,1
stripe.com,617d250f8f4241f38363ebbe9285ce06@errors.stripe.com,https://dashboard.stripe.com/register,httpx,html,1,70,medium,subdomain_match,1
stripe.com,51d93e74bb254603873ad87a8f2671dd@errors.stripe.com,https://dashboard.stripe.com/register,httpx,html,1,70,medium,subdomain_match,1
stripe.com,ee29e9bc66cb4a7bb2b85d393fb07c9d@errors.stripe.com,https://dashboard.stripe.com/register,httpx,html,1,70,medium,subdomain_match,1
stripe.com,1722dc9cdeb4467db1df316ec8d479d9@errors.stripe.com,https://dashboard.stripe.com/register,httpx,html,1,70,medium,subdomain_match,1
stripe.com,336a39b84a384080a7d5700b315712ca@errors.stripe.com,https://dashboard.stripe.com/register,httpx,html,1,70,medium,subdomain_match,1
stripe.com,d6982a258f104990b628f9df0ab79927@errors.stripe.com,https://dashboard.stripe.com/register,httpx,html,1,70,medium,subdomain_match,1
stripe.com,c395722831504af399b1e2f61675a607@errors.stripe.com,https://dashboard.stripe.com/register,httpx,html,1,70,medium,subdomain_match,1
stripe.com,02746a65b3e745ba983cb91f83688cbc@errors.stripe.com,https://dashboard.stripe.com/register,httpx,html,1,70,medium,subdomain_match,1
stripe.com,698a3fde5b574e30a02eb882b2e1739c@errors.stripe.com,https://dashboard.stripe.com/register,httpx,html,1,70,medium,subdomain_match,1
stripe.com,2f314b12e6b44096addfe8dc926829f3@errors.stripe.com,https://dashboard.stripe.com/register,httpx,html,1,70,medium,subdomain_match,1
stripe.com,39cc9ca56a984b9b8f55e55554496869@errors.stripe.com,https://dashboard.stripe.com/register,httpx,html,1,70,medium,subdomain_match,1
stripe.com,cdf14b2e689640fca796bd09a466d7f6@errors.stripe.com,https://dashboard.stripe.com/register,httpx,html,1,70,medium,subdomain_match,1
stripe.com,2bcf5e31d7294a3daee53fdcfaa0e7c7@errors.stripe.com,https://dashboard.stripe.com/register,httpx,html,1,70,medium,subdomain_match,1
stripe.com,fd7fbe8598594f35806d6ba7e725be7b@errors.stripe.com,https://dashboard.stripe.com/register,httpx,html,1,70,medium,subdomain_match,1
stripe.com,1b73077aa5e944d1896b427489984a1e@errors.stripe.com,https://dashboard.stripe.com/register,httpx,html,1,70,medium,subdomain_match,1
stripe.com,f0a55fb5823747d19c2c3304e43f0cf1@errors.stripe.com,https://dashboard.stripe.com/register,httpx,html,1,70,medium,subdomain_match,1
stripe.com,2734183986604654986fde71fa7972b8@errors.stripe.com,https://dashboard.stripe.com/register,httpx,html,1,70,medium,subdomain_match,1
stripe.com,41e94f1ab4ea4010b1092f1801aa7a95@errors.stripe.com,https://dashboard.stripe.com/register,httpx,html,1,70,medium,subdomain_match,1
stripe.com,34e4579f8ce043399198c6bd4f64f2cf@errors.stripe.com,https://dashboard.stripe.com/register,httpx,html,1,70,medium,subdomain_match,1
stripe.com,c5e4ec25663542c5abab9b19bc6a2eea@errors.stripe.com,https://dashboard.stripe.com/register,httpx,html,1,70,medium,subdomain_match,1
stripe.com,482d7be907db4bfe8bb2bc2f0d77d437@errors.stripe.com,https://dashboard.stripe.com/register,httpx,html,1,70,medium,subdomain_match,1
stripe.com,dbae4cde312d421285eb8cf9b2fc8265@errors.stripe.com,https://dashboard.stripe.com/register,httpx,html,1,70,medium,subdomain_match,1
stripe.com,dbaa288c22764780aaa85b69376830ce@errors.stripe.com,https://dashboard.stripe.com/register,httpx,html,1,70,medium,subdomain_match,1
stripe.com,4a6bf26ac24c4bbd82928f0c9ea951df@errors.stripe.com,https://dashboard.stripe.com/register,httpx,html,1,70,medium,subdomain_match,1
stripe.com,6f26365bb84f4b07abee2bf3fd5876d9@errors.stripe.com,https://dashboard.stripe.com/register,httpx,html,1,70,medium,subdomain_match,1
stripe.com,8c13f30cb4e64d01a1e98f6f7c2b15b6@errors.stripe.com,https://dashboard.stripe.com/register,httpx,html,1,70,medium,subdomain_match,1
stripe.com,5bbdaf7e322149be926c9db3dde5cdfa@errors.stripe.com,https://dashboard.stripe.com/register,httpx,html,1,70,medium,subdomain_match,1
stripe.com,dd9c0ebd5da74f3ca7fe61fc333cbf1e@errors.stripe.com,https://dashboard.stripe.com/register,httpx,html,1,70,medium,subdomain_match,1
stripe.com,0dff39fdfbc64e91b4deffb68f1d5586@errors.stripe.com,https://dashboard.stripe.com/register,httpx,html,1,70,medium,subdomain_match,1
stripe.com,8f99c3b5ff2d4ea3a2c3e9335aef4cf3@errors.stripe.com,https://dashboard.stripe.com/register,httpx,html,1,70,medium,subdomain_match,1
stripe.com,63561184653544e79ccc7f30a5f0b29d@errors.stripe.com,https://dashboard.stripe.com/register,httpx,html,1,70,medium,subdomain_match,1
stripe.com,d015d0d6147a42c596def6477f42395c@errors.stripe.com,https://dashboard.stripe.com/register,httpx,html,1,70,medium,subdomain_match,1
stripe.com,0b42c2e8ebe34b289663f5c8d7149bf2@errors.stripe.com,https://dashboard.stripe.com/register,httpx,html,1,70,medium,subdomain_match,1
stripe.com,bb20ff8888d0468c89a34804a57deae1@errors.stripe.com,https://dashboard.stripe.com/register,httpx,html,1,70,medium,subdomain_match,1
stripe.com,8aaf34f375e9432ab0627eb655e5287f@errors.stripe.com,https://dashboard.stripe.com/register,httpx,html,1,70,medium,subdomain_match,1
stripe.com,82ff1649c3a5486b9f4e3fac9dfd389e@errors.stripe.com,https://dashboard.stripe.com/register,httpx,html,1,70,medium,subdomain_match,1
stripe.com,0f55698e82794a72bd6ed9d3f84b246e@errors.stripe.com,https://dashboard.stripe.com/register,httpx,html,1,70,medium,subdomain_match,1
stripe.com,96b9e467f0a6491cbf92a9c29fa6ace5@errors.stripe.com,https://dashboard.stripe.com/register,httpx,html,1,70,medium,subdomain_match,1
stripe.com,b5efd646d6644e1f88a4b987eab09a61@errors.stripe.com,https://dashboard.stripe.com/register,httpx,html,1,70,medium,subdomain_match,1
stripe.com,2230ab74169a40aa969ff46451241841@errors.stripe.com,https://dashboard.stripe.com/register,httpx,html,1,70,medium,subdomain_match,1
stripe.com,90d8ad77a9864831921c392d793ea9fb@errors.stripe.com,https://dashboard.stripe.com/register,httpx,html,1,70,medium,subdomain_match,1
stripe.com,c8052b912dfb4de6aaec9426ae83380b@errors.stripe.com,https://dashboard.stripe.com/register,httpx,html,1,70,medium,subdomain_match,1
stripe.com,8e60e284354e41b9b5bd75d9ee57f320@errors.stripe.com,https://dashboard.stripe.com/register,httpx,html,1,70,medium,subdomain_match,1
stripe.com,fc1e10d84a8d4793856b2823c5cbe3e8@errors.stripe.com,https://dashboard.stripe.com/register,httpx,html,1,70,medium,subdomain_match,1
stripe.com,e0d59861e1d946cd9b5d74e6d2a83167@errors.stripe.com,https://dashboard.stripe.com/register,httpx,html,1,70,medium,subdomain_match,1
stripe.com,1078669686944563a3fb3f5e043cd09b@errors.stripe.com,https://dashboard.stripe.com/register,httpx,html,1,70,medium,subdomain_match,1
stripe.com,54b31794a3ce46859fd23cc7c2902613@errors.stripe.com,https://dashboard.stripe.com/register,httpx,html,1,70,medium,subdomain_match,1
stripe.com,d1424aac74db465cabc28d6499be99ab@errors.stripe.com,https://dashboard.stripe.com/register,httpx,html,1,70,medium,subdomain_match,1
stripe.com,97ac7c5458104d77b54c247e957e769b@errors.stripe.com,https://dashboard.stripe.com/register,httpx,html,1,70,medium,subdomain_match,1
stripe.com,0c4ac0631939419ca2abd350a90b1127@errors.stripe.com,https://dashboard.stripe.com/register,httpx,html,1,70,medium,subdomain_match,1
stripe.com,ac9d2fe9c59a4db89377ab92a48e8ae6@errors.stripe.com,https://dashboard.stripe.com/register,httpx,html,1,70,medium,subdomain_match,1
stripe.com,977eccbe6fb74ef28bbdabf893974c73@errors.stripe.com,https://dashboard.stripe.com/register,httpx,html,1,70,medium,subdomain_match,1
stripe.com,f5346cc2fe88455e87dcaa9657e6eef5@errors.stripe.com,https://dashboard.stripe.com/register,httpx,html,1,70,medium,subdomain_match,1
stripe.com,a3030168ed0644bdadeef848b21d50c3@errors.stripe.com,https://dashboard.stripe.com/register,httpx,html,1,70,medium,subdomain_match,1
stripe.com,13e839ffd0144007adfbb5804799f857@errors.stripe.com,https://dashboard.stripe.com/register,httpx,html,1,70,medium,subdomain_match,1
stripe.com,c3956444efb84864a6b8983eafc12986@errors.stripe.com,https://dashboard.stripe.com/register,httpx,html,1,70,medium,subdomain_match,1
stripe.com,682ac19261e942e2936aa1f50297f61a@errors.stripe.com,https://dashboard.stripe.com/register,httpx,html,1,70,medium,subdomain_match,1
stripe.com,fc495bbeb492442bb6ceaa0c3d83b4af@errors.stripe.com,https://dashboard.stripe.com/register,httpx,html,1,70,medium,subdomain_match,1
stripe.com,7f4705e1001a42afa9b7f4cf48b0fa7d@errors.stripe.com,https://dashboard.stripe.com/register,httpx,html,1,70,medium,subdomain_match,1
stripe.com,63ba7ae545264498ab3bce45317f3812@errors.stripe.com,https://dashboard.stripe.com/register,httpx,html,1,70,medium,subdomain_match,1
stripe.com,e08e72e710c2480888311115dc63a796@errors.stripe.com,https://dashboard.stripe.com/register,httpx,html,1,70,medium,subdomain_match,1
stripe.com,09dad754aeb34a31b3abc4e54ded565a@errors.stripe.com,https://dashboard.stripe.com/register,httpx,html,1,70,medium,subdomain_match,1
stripe.com,e475f28ef2fd45caa5d288fe914ed01c@errors.stripe.com,https://dashboard.stripe.com/register,httpx,html,1,70,medium,subdomain_match,1
stripe.com,4eb42cf04a324ae2aff20bae1c38c10c@errors.stripe.com,https://dashboard.stripe.com/register,httpx,html,1,70,medium,subdomain_match,1
stripe.com,ee792601970a46128bd790f8241555d5@errors.stripe.com,https://dashboard.stripe.com/register,httpx,html,1,70,medium,subdomain_match,1
stripe.com,d82d949917e045378076f08c603358c0@errors.stripe.com,https://dashboard.stripe.com/register,httpx,html,1,70,medium,subdomain_match,1
stripe.com,694282a802e74e12b9941626c3cab57d@errors.stripe.com,https://dashboard.stripe.com/register,httpx,html,1,70,medium,subdomain_match,1
stripe.com,273625c445584107afe6f3f4e7ee6e34@errors.stripe.com,https://dashboard.stripe.com/register,httpx,html,1,70,medium,subdomain_match,1
stripe.com,db1c0cd7bbb242058f92cfb8d52ec64e@errors.stripe.com,https://dashboard.stripe.com/register,httpx,html,1,70,medium,subdomain_match,1
stripe.com,0e28b3940ca2434e92292bd95f5e553e@errors.stripe.com,https://dashboard.stripe.com/register,httpx,html,1,70,medium,subdomain_match,1
stripe.com,42f2479e337a413eb6cbac14525b7ca1@errors.stripe.com,https://dashboard.stripe.com/register,httpx,html,1,70,medium,subdomain_match,1
stripe.com,33eb771e85494684a8bb9c2c887f8e31@errors.stripe.com,https://dashboard.stripe.com/register,httpx,html,1,70,medium,subdomain_match,1
stripe.com,2b29d01f07914fcbb966520d585e604a@errors.stripe.com,https://dashboard.stripe.com/register,httpx,html,1,70,medium,subdomain_match,1
stripe.com,eb9613ca675a4ee6ac6e4c56b5149d25@errors.stripe.com,https://dashboard.stripe.com/register,httpx,html,1,70,medium,subdomain_match,1
stripe.com,26cca81238e34413950d6376a33a3f38@errors.stripe.com,https://dashboard.stripe.com/register,httpx,html,1,70,medium,subdomain_match,1
stripe.com,d944aeac037e4cbe9630694ef8cc7509@errors.stripe.com,https://dashboard.stripe.com/register,httpx,html,1,70,medium,subdomain_match,1
stripe.com,0c5aa058189647ed82f10d886bea221e@errors.stripe.com,https://dashboard.stripe.com/register,httpx,html,1,70,medium,subdomain_match,1
stripe.com,0b71277a8d5a483492d6e86c1e143e62@errors.stripe.com,https://dashboard.stripe.com/register,httpx,html,1,70,medium,subdomain_match,1
stripe.com,a3d1f19fadbb4e4cad1e73428f558ad9@errors.stripe.com,https://dashboard.stripe.com/register,httpx,html,1,70,medium,subdomain_match,1
stripe.com,2d73b2b70bd842eaa18d166199ad25b0@errors.stripe.com,https://dashboard.stripe.com/register,httpx,html,1,70,medium,subdomain_match,1
stripe.com,910d084a643a4d36bfd388fedf7e80e1@errors.stripe.com,https://dashboard.stripe.com/register,httpx,html,1,70,medium,subdomain_match,1
stripe.com,b671129843ac4c7c821fdd514fac3fe4@errors.stripe.com,https://dashboard.stripe.com/register,httpx,html,1,70,medium,subdomain_match,1
stripe.com,59a955eed23549a1a0df6c9ddbbf7208@errors.stripe.com,https://dashboard.stripe.com/register,httpx,html,1,70,medium,subdomain_match,1
stripe.com,7cd38b0eb2b348b39a6002cc768f91c7@errors.stripe.com,https://dashboard.stripe.com/register,httpx,html,1,70,medium,subdomain_match,1
stripe.com,ddf451afdc8642aca977fe608a74cd2a@errors.stripe.com,https://dashboard.stripe.com/register,httpx,html,1,70,medium,subdomain_match,1
stripe.com,6c740c09333447b3b54feb2673b72ab9@errors.stripe.com,https://dashboard.stripe.com/register,httpx,html,1,70,medium,subdomain_match,1
stripe.com,22b2df76492c4ea1a55e8a9b28c1929f@errors.stripe.com,https://dashboard.stripe.com/register,httpx,html,1,70,medium,subdomain_match,1
stripe.com,801b894b0f404f19b29378295ac67ebe@errors.stripe.com,https://dashboard.stripe.com/register,httpx,html,1,70,medium,subdomain_match,1
stripe.com,5c51d02c322e458b83fb6d93d0ad14b8@errors.stripe.com,https://dashboard.stripe.com/register,httpx,html,1,70,medium,subdomain_match,1
stripe.com,17876c4e9bbf4718a027a85633feb4fb@errors.stripe.com,https://dashboard.stripe.com/register,httpx,html,1,70,medium,subdomain_match,1
stripe.com,6d8c4b388926455c8525989a3dd634e4@errors.stripe.com,https://dashboard.stripe.com/register,httpx,html,1,70,medium,subdomain_match,1
stripe.com,9f032453574046c2afe169f3d612cb1e@errors.stripe.com,https://dashboard.stripe.com/register,httpx,html,1,70,medium,subdomain_match,1
stripe.com,52003442c2d34da2a0225451063f0ee4@errors.stripe.com,https://dashboard.stripe.com/register,httpx,html,1,70,medium,subdomain_match,1
stripe.com,b891982918bc46fabec76c8ad8d5cfd1@errors.stripe.com,https://dashboard.stripe.com/register,httpx,html,1,70,medium,subdomain_match,1
stripe.com,8783aac8c69e4b2cac14b81cd8b07e75@errors.stripe.com,https://dashboard.stripe.com/register,httpx,html,1,70,medium,subdomain_match,1
stripe.com,957486fdf662445aa2d6ee03ae883a56@errors.stripe.com,https://dashboard.stripe.com/register,httpx,html,1,70,medium,subdomain_match,1
stripe.com,47a7a24fb8454d17b697de3cac3fc7de@errors.stripe.com,https://dashboard.stripe.com/register,httpx,html,1,70,medium,subdomain_match,1
stripe.com,9f36849043c14dfb9e952c9326ca15aa@errors.stripe.com,https://dashboard.stripe.com/register,httpx,html,1,70,medium,subdomain_match,1
stripe.com,fe921ccba9b040959388b77596d94da6@errors.stripe.com,https://dashboard.stripe.com/register,httpx,html,1,70,medium,subdomain_match,1
stripe.com,cd380f7fde8e44f8a860e1948ddd676b@errors.stripe.com,https://dashboard.stripe.com/register,httpx,html,1,70,medium,subdomain_match,1
stripe.com,7263d3e1f08846a6a9c3f41c4438aa7d@errors.stripe.com,https://dashboard.stripe.com/register,httpx,html,1,70,medium,subdomain_match,1
stripe.com,7355665ad86b4d94b0b3b213b4d8f008@errors.stripe.com,https://dashboard.stripe.com/register,httpx,html,1,70,medium,subdomain_match,1
stripe.com,70f94833ac534acd93fbbb994c999e52@errors.stripe.com,https://dashboard.stripe.com/register,httpx,html,1,70,medium,subdomain_match,1
stripe.com,38f9ed4b12734eb48af7500e01285106@errors.stripe.com,https://dashboard.stripe.com/register,httpx,html,1,70,medium,subdomain_match,1
stripe.com,cf1aeb9d04024298ad10dd8ec40521f6@errors.stripe.com,https://dashboard.stripe.com/register,httpx,html,1,70,medium,subdomain_match,1
stripe.com,737bd75d8ebf4fb3ba77a3abec1c45a8@errors.stripe.com,https://dashboard.stripe.com/register,httpx,html,1,70,medium,subdomain_match,1
stripe.com,ce5799d4138249e1864511e3d7332943@errors.stripe.com,https://dashboard.stripe.com/register,httpx,html,1,70,medium,subdomain_match,1
stripe.com,1b2467f85b404ec08fb2d413214d3fd5@errors.stripe.com,https://dashboard.stripe.com/register,httpx,html,1,70,medium,subdomain_match,1
stripe.com,eab317191c9d40ac87f5cc49cb92821d@errors.stripe.com,https://dashboard.stripe.com/register,httpx,html,1,70,medium,subdomain_match,1
stripe.com,c3c2676aa915471cbd5f5c284bba8f4e@errors.stripe.com,https://dashboard.stripe.com/register,httpx,html,1,70,medium,subdomain_match,1
stripe.com,dde1fe8313814471afd92219fa988740@errors.stripe.com,https://dashboard.stripe.com/register,httpx,html,1,70,medium,subdomain_match,1
stripe.com,cb5ac50fd9a44be5a812da66a8cf66c3@errors.stripe.com,https://dashboard.stripe.com/register,httpx,html,1,70,medium,subdomain_match,1
stripe.com,06c9f1c2a35345b3be0a22276e35776c@errors.stripe.com,https://dashboard.stripe.com/register,httpx,html,1,70,medium,subdomain_match,1
stripe.com,838bee49f7e141de91b0491a160227b4@errors.stripe.com,https://dashboard.stripe.com/register,httpx,html,1,70,medium,subdomain_match,1
stripe.com,a815a170bf5a422d865dd7dbd1ce66fa@errors.stripe.com,https://dashboard.stripe.com/register,httpx,html,1,70,medium,subdomain_match,1
stripe.com,38f7c50ce1ba495291d97fd64165f8c0@errors.stripe.com,https://dashboard.stripe.com/register,httpx,html,1,70,medium,subdomain_match,1
stripe.com,161871b49c6b4a82bc3ef00ff4274e9a@errors.stripe.com,https://dashboard.stripe.com/register,httpx,html,1,70,medium,subdomain_match,1
stripe.com,15dd446d8233490a818d900305db8b4f@errors.stripe.com,https://dashboard.stripe.com/register,httpx,html,1,70,medium,subdomain_match,1
stripe.com,4ebed70c9c954ef3bf2bba7062839de3@errors.stripe.com,https://dashboard.stripe.com/register,httpx,html,1,70,medium,subdomain_match,1
stripe.com,2225b2409b274ba28f86dd1500df9b80@errors.stripe.com,https://dashboard.stripe.com/register,httpx,html,1,70,medium,subdomain_match,1
stripe.com,d991a6196b224ee89aac47a1ba5684b4@errors.stripe.com,https://dashboard.stripe.com/register,httpx,html,1,70,medium,subdomain_match,1
stripe.com,54e0da85c05c40da871f41af630b79ae@errors.stripe.com,https://dashboard.stripe.com/register,httpx,html,1,70,medium,subdomain_match,1
stripe.com,95c8e16bf0f34b5ba06797e1812fdf8c@errors.stripe.com,https://dashboard.stripe.com/register,httpx,html,1,70,medium,subdomain_match,1
stripe.com,4f9ce45310104893af0cb73a790b7771@errors.stripe.com,https://dashboard.stripe.com/register,httpx,html,1,70,medium,subdomain_match,1
stripe.com,d6c4044bb3a446c88d8f9949656a65fb@errors.stripe.com,https://dashboard.stripe.com/register,httpx,html,1,70,medium,subdomain_match,1
stripe.com,cf91f36bd8414f1e9b9e0dd96afe9c0d@errors.stripe.com,https://dashboard.stripe.com/register,httpx,html,1,70,medium,subdomain_match,1
stripe.com,34f0f25db48249ccbd827d95af86d6d4@errors.stripe.com,https://dashboard.stripe.com/register,httpx,html,1,70,medium,subdomain_match,1
stripe.com,8ecfcdc4439c49d599927d6a809884f2@errors.stripe.com,https://dashboard.stripe.com/register,httpx,html,1,70,medium,subdomain_match,1
stripe.com,1f9349c7926d4dafa20cbd130a37c58d@errors.stripe.com,https://dashboard.stripe.com/register,httpx,html,1,70,medium,subdomain_match,1
stripe.com,e66886748d81458d81141a7b67473194@errors.stripe.com,https://dashboard.stripe.com/register,httpx,html,1,70,medium,subdomain_match,1
stripe.com,ded7908c7e664d88a9c9479e2cd1ffee@errors.stripe.com,https://dashboard.stripe.com/register,httpx,html,1,70,medium,subdomain_match,1
stripe.com,66e09dc56b844d8590a748f8ad4431db@errors.stripe.com,https://dashboard.stripe.com/register,httpx,html,1,70,medium,subdomain_match,1
stripe.com,70c42dfa29964407b196e0220a47ae0c@errors.stripe.com,https://dashboard.stripe.com/register,httpx,html,1,70,medium,subdomain_match,1
stripe.com,c8fa7674062742248d275fd1e28a9d6f@errors.stripe.com,https://dashboard.stripe.com/register,httpx,html,1,70,medium,subdomain_match,1
stripe.com,09f5ebdd1f874607b44ee438903b06f6@errors.stripe.com,https://dashboard.stripe.com/register,httpx,html,1,70,medium,subdomain_match,1
stripe.com,2c40147a695b4f84b4897fb4d26c1852@errors.stripe.com,https://dashboard.stripe.com/register,httpx,html,1,70,medium,subdomain_match,1
stripe.com,300cbe5f5a87406499d8bcaf19be46fe@errors.stripe.com,https://dashboard.stripe.com/register,httpx,html,1,70,medium,subdomain_match,1
stripe.com,f3e0a2437d0247fabf6ce23ab0ea5f9d@errors.stripe.com,https://dashboard.stripe.com/register,httpx,html,1,70,medium,subdomain_match,1
stripe.com,113cc96c3e7246a5880a227a3e4c1dc4@errors.stripe.com,https://dashboard.stripe.com/register,httpx,html,1,70,medium,subdomain_match,1
stripe.com,40278c88f4fd4265b3f2b995ec391b79@errors.stripe.com,https://dashboard.stripe.com/register,httpx,html,1,70,medium,subdomain_match,1
stripe.com,923b82b6e2d04b85b12ae6cac9a1cb99@errors.stripe.com,https://dashboard.stripe.com/register,httpx,html,1,70,medium,subdomain_match,1
stripe.com,3805692039e34488b6bd32497fd5c57f@errors.stripe.com,https://dashboard.stripe.com/register,httpx,html,1,70,medium,subdomain_match,1
stripe.com,39be38307a394b2180a1312ef7d90c7c@errors.stripe.com,https://dashboard.stripe.com/register,httpx,html,1,70,medium,subdomain_match,1
stripe.com,28219678049240a7b5ccd5c4fa8075fe@errors.stripe.com,https://dashboard.stripe.com/register,httpx,html,1,70,medium,subdomain_match,1
stripe.com,be026700a7b946e9b616aedbb9e28272@errors.stripe.com,https://dashboard.stripe.com/register,httpx,html,1,70,medium,subdomain_match,1
stripe.com,a18a556780ca4aa58b976e8f28124586@errors.stripe.com,https://dashboard.stripe.com/register,httpx,html,1,70,medium,subdomain_match,1
stripe.com,3d5aad545ee9435ea29a502551c9f507@errors.stripe.com,https://dashboard.stripe.com/register,httpx,html,1,70,medium,subdomain_match,1
stripe.com,88dbb7aeb7844faf8367b124be618a37@errors.stripe.com,https://dashboard.stripe.com/register,httpx,html,1,70,medium,subdomain_match,1
stripe.com,a449e09eb5cc4de18986c8005baecfcd@errors.stripe.com,https://dashboard.stripe.com/register,httpx,html,1,70,medium,subdomain_match,1
stripe.com,23ce123c52924801ab09b583f7209cb3@errors.stripe.com,https://dashboard.stripe.com/register,httpx,html,1,70,medium,subdomain_match,1
stripe.com,963bd728df6c4ae69269d683671d473a@errors.stripe.com,https://dashboard.stripe.com/register,httpx,html,1,70,medium,subdomain_match,1
stripe.com,bca2f0bb8b104088950e90801cf2bfcc@errors.stripe.com,https://dashboard.stripe.com/register,httpx,html,1,70,medium,subdomain_match,1
stripe.com,eb135d689b6342c1bad59ba246061992@errors.stripe.com,https://dashboard.stripe.com/register,httpx,html,1,70,medium,subdomain_match,1
stripe.com,fc571ef27f434db884b4ed4788eb5049@errors.stripe.com,https://dashboard.stripe.com/register,httpx,html,1,70,medium,subdomain_match,1
stripe.com,492dd2ade9a948b4aa90a443eda4d5e8@errors.stripe.com,https://dashboard.stripe.com/register,httpx,html,1,70,medium,subdomain_match,1
stripe.com,a0a5b3e6125a4bfdba71d5b47b9e150a@errors.stripe.com,https://dashboard.stripe.com/register,httpx,html,1,70,medium,subdomain_match,1
stripe.com,9572965959d64c91b114e33e8aa68f28@errors.stripe.com,https://dashboard.stripe.com/register,httpx,html,1,70,medium,subdomain_match,1
stripe.com,3cac7d974a824faaa160f28c9cf541d2@errors.stripe.com,https://dashboard.stripe.com/register,httpx,html,1,70,medium,subdomain_match,1
stripe.com,11acb16eab7e46e9a53610fbd169a41a@errors.stripe.com,https://dashboard.stripe.com/register,httpx,html,1,70,medium,subdomain_match,1
stripe.com,7ca8fc86e50c4ff999d8e320d8c4b549@errors.stripe.com,https://dashboard.stripe.com/register,httpx,html,1,70,medium,subdomain_match,1
stripe.com,56b732eb0a654235a0288fb268ede0c8@errors.stripe.com,https://dashboard.stripe.com/register,httpx,html,1,70,medium,subdomain_match,1
stripe.com,f00798cb67654093bf4cc55c3e59ee0a@errors.stripe.com,https://dashboard.stripe.com/register,httpx,html,1,70,medium,subdomain_match,1
stripe.com,53cfd2f1bd3a4256acccb38ed4d239d4@errors.stripe.com,https://dashboard.stripe.com/register,httpx,html,1,70,medium,subdomain_match,1
stripe.com,aaeadd8043ff4c3582110d33cbbc7d97@errors.stripe.com,https://dashboard.stripe.com/register,httpx,html,1,70,medium,subdomain_match,1
stripe.com,a12ec9d846bd4baaa885ec6445994c38@errors.stripe.com,https://dashboard.stripe.com/register,httpx,html,1,70,medium,subdomain_match,1
stripe.com,c6862f7d5b634e9ab79171eaa0fc4831@errors.stripe.com,https://dashboard.stripe.com/register,httpx,html,1,70,medium,subdomain_match,1
stripe.com,38fdb8172a7b48a0b1e64dcc7f199890@errors.stripe.com,https://dashboard.stripe.com/register,httpx,html,1,70,medium,subdomain_match,1
stripe.com,54ab99b2d16b4b0aa66cd99912cf864b@errors.stripe.com,https://dashboard.stripe.com/register,httpx,html,1,70,medium,subdomain_match,1
stripe.com,73d5962fcd484f68842122198d83a95a@errors.stripe.com,https://dashboard.stripe.com/register,httpx,html,1,70,medium,subdomain_match,1
stripe.com,60edf2f9762d4eccaa3a55d69b0d9c8c@errors.stripe.com,https://dashboard.stripe.com/register,httpx,html,1,70,medium,subdomain_match,1
stripe.com,ef8901dcf67748f5ab626b9da4ab9233@errors.stripe.com,https://dashboard.stripe.com/register,httpx,html,1,70,medium,subdomain_match,1
stripe.com,ab6a9153be1d414b8f0904910ec775fd@errors.stripe.com,https://dashboard.stripe.com/register,httpx,html,1,70,medium,subdomain_match,1
stripe.com,3ef4394ed6624eb186b8496324ea194a@errors.stripe.com,https://dashboard.stripe.com/register,httpx,html,1,70,medium,subdomain_match,1
stripe.com,0b7dbfcaa5fe4f809ffa03e65619ab41@errors.stripe.com,https://dashboard.stripe.com/register,httpx,html,1,70,medium,subdomain_match,1
stripe.com,19c0a0e8945f4700a0e43cc7ccf8e797@errors.stripe.com,https://dashboard.stripe.com/register,httpx,html,1,70,medium,subdomain_match,1
stripe.com,bbd02a33bcb548f7845a602c69989383@errors.stripe.com,https://dashboard.stripe.com/register,httpx,html,1,70,medium,subdomain_match,1
stripe.com,c71463abec8c4221a4b39d327ee64bfc@errors.stripe.com,https://dashboard.stripe.com/register,httpx,html,1,70,medium,subdomain_match,1
stripe.com,964ec2d16dde4a4592bdd491dc1f343e@errors.stripe.com,https://dashboard.stripe.com/register,httpx,html,1,70,medium,subdomain_match,1
highlightcam.com,,,,,,0,reject,no_emails_found,0
dailybooth.com,,,,,,0,reject,no_emails_found,0
bumptechnologies.com,,,,,,0,reject,no_emails_found,0
epay.com,,,,,,0,reject,no_emails_found,0
directededge.com,info@directededge.com,https://directededge.com/contact.html,httpx,mailto,1,90,high,domain_exact_match|mailto_link,1
directededge.com,privacy@directededge.com,https://directededge.com/privacy.html,httpx,mailto,1,90,high,domain_exact_match|mailto_link|legal_or_compliance_mailbox,1
rethinkdb.com,info@rethinkdb.com,https://rethinkdb.com/docs/cookbook,httpx,mailto,1,90,high,domain_exact_match|mailto_link,1
jobspice.com,,,,,,0,reject,no_emails_found,0
mixpanel.com,support@mixpanel.com,https://mixpanel.com/contact-us/support/,httpx,mailto,1,100,high,domain_exact_match|mailto_link|seen_4_pages|high_value_prefix,4
mixpanel.com,legal@mixpanel.com,https://mixpanel.com/legal/contact-us,httpx,mailto,1,95,high,domain_exact_match|mailto_link|seen_2_pages|legal_or_compliance_mailbox,2
mixpanel.com,compliance@mixpanel.com,https://mixpanel.com/legal/contact-us,httpx,mailto,1,95,high,domain_exact_match|mailto_link|seen_2_pages|legal_or_compliance_mailbox,2
mixpanel.com,security@mixpanel.com,https://mixpanel.com/legal/privacy-policy/,httpx,mailto,1,90,high,domain_exact_match|mailto_link|legal_or_compliance_mailbox,1
mixpanel.com,grc@mixpanel.com,https://mixpanel.com/legal/security-overview,httpx,mailto,1,90,high,domain_exact_match|mailto_link,1
mixpanel.com,community@mixpanel.com,https://community.mixpanel.com/,httpx,html,1,80,high,domain_exact_match,1
mixpanel.com,bob@companyemail.com,https://mixpanel.com/partners/integrations,httpx,html,1,15,reject,domain_mismatch,1
olark.com,support@olark.com,https://www.olark.com/contact,httpx,mailto,1,100,high,domain_exact_match|contact_page|mailto_link|seen_3_pages|high_value_prefix,3
olark.com,privacy@olark.com,https://www.olark.com/privacy-policy,httpx,mailto,1,95,high,domain_exact_match|mailto_link|seen_2_pages|legal_or_compliance_mailbox,2
olark.com,gdpr@olark.com,https://www.olark.com/privacy-policy,httpx,mailto,1,95,high,domain_exact_match|mailto_link|seen_2_pages,2
olark.com,dpo@olark.com,https://www.olark.com/privacy-policy,httpx,mailto,1,95,high,domain_exact_match|mailto_link|seen_2_pages,2
olark.com,datainquiry@dpr.eu.com,https://www.olark.com/privacy-policy,httpx,mailto,1,30,reject,domain_mismatch|mailto_link|seen_2_pages,2
lockitron.com,,,,,,0,reject,no_emails_found,0
carwoo.com,,,,,,0,reject,no_emails_found,0
fanchatter.com,,,,,,0,reject,no_emails_found,0
plurchase.com,,,,,,0,reject,no_emails_found,0
graffitigeo.com,,,,,,0,reject,no_emails_found,0
azure.com,,,,,,0,reject,no_emails_found,0
renthop.com,,,,,,0,reject,no_emails_found,0
lingt.com,support@lingt.com,https://lingt.com/support/,httpx,mailto,1,98,high,domain_exact_match|mailto_link|high_value_prefix,1
lingt.com,help@lingt.com,https://lingt.com/privacy/,httpx,mailto,1,90,high,domain_exact_match|mailto_link,1
robohr.com,,,,,,0,reject,no_emails_found,0
adthrow.com,,,,,,0,reject,no_emails_found,0
stackq.com,,,,,,0,reject,no_emails_found,0
akemate.com,,,,,,0,reject,no_emails_found,0
instantq.com,,,,,,0,reject,no_emails_found,0
thesixtyone.com,,,,,,0,reject,no_emails_found,0
skysheet.com,,,,,,0,reject,no_emails_found,0
heyzap.com,,,,,,0,reject,no_emails_found,0
attvision.com,attvision.contact@gmail.com,https://attvision.com/,httpx,html,0,25,reject,domain_mismatch|seen_8_pages,8
attvision.com,toronila_andrei1997@yahoo.com,https://attvision.com/policies/privacy-policy,httpx,html,1,15,reject,domain_mismatch,1
foodoro.com,,,,,,0,reject,no_emails_found,0
volantio.com,sales@volantio.com,https://volantio.com/,httpx,mailto,0,100,high,domain_exact_match|mailto_link|seen_9_pages|high_value_prefix,9
airbnb.com,ac_guests_hg_en_s@3x.png,https://airbnb.com/help,httpx,html,1,15,reject,domain_mismatch,1
airbnb.com,our_community_policies@3x.png,https://airbnb.com/help,httpx,html,1,15,reject,domain_mismatch,1
divvyshot.com,,,,,,0,reject,no_emails_found,0
remail.com,,,,,,0,reject,no_emails_found,0
echodio.com,,,,,,0,reject,no_emails_found,0
cloudkick.com,,,,,,0,reject,no_emails_found,0
spaceslife.com,,,,,,0,reject,no_emails_found,0
picurio.com,,,,,,0,reject,no_emails_found,0
nambii.com,,,,,,0,reject,no_emails_found,0
voxli.com,,,,,,0,reject,no_emails_found,0
posterous.com,,,,,,0,reject,no_emails_found,0
polleverywhere.com,privacy@polleverywhere.com,https://www.polleverywhere.com/privacy-policy,httpx,mailto,1,90,high,domain_exact_match|mailto_link|legal_or_compliance_mailbox,1
polleverywhere.com,inquiries@polleverywhere.com,https://www.polleverywhere.com/terms,httpx,mailto,1,90,high,domain_exact_match|mailto_link,1
polleverywhere.com,support@polleverywhere.com,https://www.polleverywhere.com/terms,httpx,html,1,88,high,domain_exact_match|high_value_prefix,1
polleverywhere.com,johndoe@acmecorp.com,https://www.polleverywhere.com/privacy-policy,httpx,html,1,15,reject,domain_mismatch,1
ohlife.com,,,,,,0,reject,no_emails_found,0
cloudant.com,,,,,,0,reject,no_emails_found,0
jobalchemist.com,,,,,,0,reject,no_emails_found,0
frogmetrics.com,,,,,,0,reject,no_emails_found,0
anyvite.com,,,,,,0,reject,no_emails_found,0
co2stats.com,,,,,,0,reject,no_emails_found,0
justspotted.com,,,,,,0,reject,no_emails_found,0
picwing.com,,,,,,0,reject,no_emails_found,0
backtype.com,,,,,,0,reject,no_emails_found,0
precognate.com,,,,,,0,reject,no_emails_found,0
youlicit.com,,,,,,0,reject,no_emails_found,0
teamapart.com,,,,,,0,reject,no_emails_found,0
urbantakeover.at,,,,,,0,reject,no_emails_found,0
ticketstumbler.com,,,,,,0,reject,no_emails_found,0
snipd.com,hello@snipd.com,https://open.snipd.com/privacy-policy,httpx,mailto,1,100,high,domain_exact_match|mailto_link|seen_2_pages|high_value_prefix,2
popcuts.com,,,,,,0,reject,no_emails_found,0
peopleandpages.com,hello@peopleandpages.com,https://peopleandpages.com/,httpx,mailto,0,100,high,domain_exact_match|mailto_link|seen_13_pages|high_value_prefix,13
playreader.com,,,,,,0,reject,no_emails_found,0
gotreehouse.com,,,,,,0,reject,no_emails_found,0
slinkset.com,,,,,,0,reject,no_emails_found,0
trigger.io,,,,,,0,reject,no_emails_found,0
rescuetime.com,contact@rescuetime.com,https://rescuetime.com/contact,httpx,mailto,1,100,high,domain_exact_match|contact_page|mailto_link|high_value_prefix,1
rescuetime.com,sales@rescuetime.com,https://rescuetime.com/security,httpx,html,1,88,high,domain_exact_match|high_value_prefix,1
athinkingape.com,,,,,,0,reject,no_emails_found,0
ninite.com,contact@ninite.com,https://ninite.com/about,httpx,mailto,1,100,high,domain_exact_match|about_or_team_page|mailto_link|seen_5_pages|high_value_prefix,5
ninite.com,sales@ninite.com,https://ninite.com/pro,httpx,mailto,1,98,high,domain_exact_match|mailto_link|high_value_prefix,1
mz.com,,,,,,0,reject,no_emails_found,0
mightyquiz.com,,,,,,0,reject,no_emails_found,0
fathomdb.com,,,,,,0,reject,no_emails_found,0
omnisio.com,,,,,,0,reject,no_emails_found,0
heroku.com,feedback@heroku.com,https://signup.heroku.com/,httpx,mailto,1,90,high,domain_exact_match|mailto_link,1
heroku.com,heroku-abuse@salesforce.com,https://www.heroku.com/contact/,httpx,mailto,1,40,low,domain_mismatch|contact_page|mailto_link,1
example.com,,,,,,0,reject,no_emails_found,0
